MaxAbsEStateIndex,MaxEStateIndex,MinAbsEStateIndex,MinEStateIndex,qed,SPS,MolWt,HeavyAtomMolWt,ExactMolWt,NumValenceElectrons,NumRadicalElectrons,MaxPartialCharge,MinPartialCharge,MaxAbsPartialCharge,MinAbsPartialCharge,FpDensityMorgan1,FpDensityMorgan2,FpDensityMorgan3,BCUT2D_MWHI,BCUT2D_MWLOW,BCUT2D_CHGHI,BCUT2D_CHGLO,BCUT2D_LOGPHI,BCUT2D_LOGPLOW,BCUT2D_MRHI,BCUT2D_MRLOW,AvgIpc,BalabanJ,BertzCT,Chi0,Chi0n,Chi0v,Chi1,Chi1n,Chi1v,Chi2n,Chi2v,Chi3n,Chi3v,Chi4n,Chi4v,HallKierAlpha,Ipc,Kappa1,Kappa2,Kappa3,LabuteASA,PEOE_VSA1,PEOE_VSA10,PEOE_VSA11,PEOE_VSA12,PEOE_VSA13,PEOE_VSA14,PEOE_VSA2,PEOE_VSA3,PEOE_VSA4,PEOE_VSA5,PEOE_VSA6,PEOE_VSA7,PEOE_VSA8,PEOE_VSA9,SMR_VSA1,SMR_VSA10,SMR_VSA2,SMR_VSA3,SMR_VSA4,SMR_VSA5,SMR_VSA6,SMR_VSA7,SMR_VSA8,SMR_VSA9,SlogP_VSA1,SlogP_VSA10,SlogP_VSA11,SlogP_VSA12,SlogP_VSA2,SlogP_VSA3,SlogP_VSA4,SlogP_VSA5,SlogP_VSA6,SlogP_VSA7,SlogP_VSA8,SlogP_VSA9,TPSA,EState_VSA1,EState_VSA10,EState_VSA11,EState_VSA2,EState_VSA3,EState_VSA4,EState_VSA5,EState_VSA6,EState_VSA7,EState_VSA8,EState_VSA9,VSA_EState1,VSA_EState10,VSA_EState2,VSA_EState3,VSA_EState4,VSA_EState5,VSA_EState6,VSA_EState7,VSA_EState8,VSA_EState9,FractionCSP3,HeavyAtomCount,NHOHCount,NOCount,NumAliphaticCarbocycles,NumAliphaticHeterocycles,NumAliphaticRings,NumAromaticCarbocycles,NumAromaticHeterocycles,NumAromaticRings,NumHAcceptors,NumHDonors,NumHeteroatoms,NumRotatableBonds,NumSaturatedCarbocycles,NumSaturatedHeterocycles,NumSaturatedRings,RingCount,MolLogP,MolMR,fr_Al_COO,fr_Al_OH,fr_Al_OH_noTert,fr_ArN,fr_Ar_COO,fr_Ar_N,fr_Ar_NH,fr_Ar_OH,fr_COO,fr_COO2,fr_C_O,fr_C_O_noCOO,fr_C_S,fr_HOCCN,fr_Imine,fr_NH0,fr_NH1,fr_NH2,fr_N_O,fr_Ndealkylation1,fr_Ndealkylation2,fr_Nhpyrrole,fr_SH,fr_aldehyde,fr_alkyl_carbamate,fr_alkyl_halide,fr_allylic_oxid,fr_amide,fr_amidine,fr_aniline,fr_aryl_methyl,fr_azide,fr_azo,fr_barbitur,fr_benzene,fr_benzodiazepine,fr_bicyclic,fr_diazo,fr_dihydropyridine,fr_epoxide,fr_ester,fr_ether,fr_furan,fr_guanido,fr_halogen,fr_hdrzine,fr_hdrzone,fr_imidazole,fr_imide,fr_isocyan,fr_isothiocyan,fr_ketone,fr_ketone_Topliss,fr_lactam,fr_lactone,fr_methoxy,fr_morpholine,fr_nitrile,fr_nitro,fr_nitro_arom,fr_nitro_arom_nonortho,fr_nitroso,fr_oxazole,fr_oxime,fr_para_hydroxylation,fr_phenol,fr_phenol_noOrthoHbond,fr_phos_acid,fr_phos_ester,fr_piperdine,fr_piperzine,fr_priamide,fr_prisulfonamd,fr_pyridine,fr_quatN,fr_sulfide,fr_sulfonamd,fr_sulfone,fr_term_acetylene,fr_tetrazole,fr_thiazole,fr_thiocyan,fr_thiophene,fr_unbrch_alkane,fr_urea
0.0,2.734664877645551e-46,1.179619387134032e-46,-3.4403255309532856e-46,-3.3060494589513396e-47,3.2498652087837146e-46,4.0787389666196434e-44,3.5169793586454203e-44,4.076923229919437e-44,1.7365885885369114e-44,-0.0,-4.949267850923457e-49,-2.562317596133475e-47,2.4992155485513547e-47,1.3609369072882497e-49,-6.397020401367037e-47,-8.825061802633794e-47,-9.31331298023493e-47,7.078256419545728e-46,-4.7440286931848626e-48,-3.3246235792216574e-48,-9.937221612592492e-48,1.060571768707665e-47,-9.450617051015868e-48,9.384156713256928e-47,-7.236243706558956e-47,-1.7481660164533089e-46,4.3720909043019394e-46,2.8624399766256615e-43,7.083597455965061e-45,6.991045555998414e-45,1.4412550195978153e-45,3.481294919323608e-45,3.4698494390673775e-45,7.27052459465219e-46,3.0794748233894132e-46,3.6627092861662034e-46,1.044398005757188e-46,1.224773160474299e-46,3.4941694193982742e-47,4.1740161350923617e-47,-1.0262426841560251e-47,1.0,2.2610769017467623e-46,2.528510433782161e-45,2.939111660906443e-45,2.589191139297232e-44,6.4226318787002085e-46,5.280401645666097e-46,-3.913952726651139e-47,-3.7609997335862464e-46,4.38934114766417e-46,3.968447445328465e-46,7.166592449240409e-46,-4.300005326071223e-46,-2.8798554658426877e-46,-3.354323639230928e-47,1.197285684807356e-44,2.146467083527053e-45,6.632927729122285e-45,3.406356549539996e-45,9.309986807471369e-45,2.5541378911698757e-46,-3.847749900317877e-46,-3.2149801305506008e-46,-4.7863338730817116e-46,1.3810354811084002e-44,3.3270429566128775e-45,4.889034054674234e-46,0.0,-2.92214528643648e-46,7.201485380067108e-47,-2.3586928586909607e-46,-2.3297297161740564e-46,1.6021918626586904e-46,1.911513255688644e-45,1.929030435296449e-45,-3.2996314337186936e-46,2.238393037853701e-44,6.5976923081287604e-46,-1.7217905980723794e-46,-4.309120290218326e-46,0.0,1.6107447221070913e-46,1.8223390936274787e-44,8.651932945241018e-46,-7.238712778784296e-48,-4.176534393382387e-46,-2.800496365429338e-47,-8.376595875038221e-48,-6.242644147572273e-48,-5.835977623781462e-47,-5.0389660966893595e-48,-2.9203093636040427e-46,7.448942654403952e-45,4.718057423714607e-44,-8.917601328129942e-47,2.4368313956796606e-45,-7.943838614191487e-46,2.0176519310819815e-46,-1.6742590270019196e-46,-5.741923945405992e-46,-1.1856626890177068e-44,-3.424633868453142e-45,-5.198823176686209e-46,2.6858010814045285e-47,2.8625455599133196e-45,-3.12564938951151e-46,2.1105989477770427e-46,-2.1437452088607033e-47,-3.504033328915881e-47,-5.647778537776574e-47,-4.132520884550797e-47,-3.3361496724238484e-47,-7.468670556974646e-47,1.4481041935613483e-46,-2.8415385786986328e-46,2.045597837941595e-46,3.050101742062619e-45,-1.6788366093487788e-47,-2.9401164165448816e-47,-4.618953025893654e-47,-1.3116449094751169e-46,9.047550236145956e-46,1.269007135231379e-44,-4.1411303021718044e-47,-1.2647235787760662e-46,-2.587130262099006e-47,-5.596122031162574e-48,-2.4536842752020572e-48,-5.867318714211222e-47,-8.953795249860111e-48,-2.9487258394972087e-47,-4.386498729692009e-47,-4.386498729692009e-47,1.0438919941856992e-46,1.470058210316149e-46,0.0,-2.582825552844263e-49,-2.229839393955546e-47,3.4868144874535246e-48,-2.6818338657032984e-47,-2.8884599099308425e-47,0.0,7.993845085164384e-47,-6.45706388211068e-49,-8.953795249860111e-48,-6.887534807584686e-49,-1.5496953317058243e-48,0.0,-4.149739721569792e-47,3.0752842899825e-46,-1.980166257180606e-48,-1.4205540540643495e-48,-8.049806306364623e-48,-4.2186150696456384e-48,0.0,0.0,0.0,-4.029207862437014e-47,0.0,-4.730875470959716e-47,0.0,0.0,-3.013296478318321e-49,1.6082393773933035e-46,1.2005834115025493e-46,-4.304709254740445e-50,-2.3245429975598307e-48,-6.043811793655568e-47,0.0,0.0,-9.341219082786746e-48,0.0,0.0,0.0,-8.82465397221711e-48,-5.768310401351395e-48,-2.152354627370222e-49,-1.8940720720857913e-48,-5.811357485014507e-48,0.0,-1.2914127764221324e-49,-3.0132964783183215e-49,-3.0132964783183215e-49,0.0,0.0,0.0,0.0,-5.768310401352212e-48,-1.7175789926414392e-47,-1.7046648648772213e-47,6.439845044203076e-47,6.711041727251742e-47,-3.443767403792332e-49,-1.7218837018961693e-49,0.0,0.0,-3.2715790336027395e-48,8.071329851749713e-47,-2.5397784602968564e-48,-1.2914127764221375e-48,0.0,0.0,0.0,-4.304709254740444e-49,0.0,0.0,0.0,0.0
-3.0088489342874205e-43,0.0012903561714392442,0.00023205374773388465,-0.0012077888605053835,-0.00013045808407909963,0.010536922642220803,0.16903274617292927,0.15566197459080408,0.16899654433384906,0.06677043713943707,-0.0,1.3138721825685909e-05,-2.1491450635458953e-05,2.0768886777101943e-05,1.3861285684042937e-05,-0.00032837714314264306,-0.00035446430156023585,-0.0003063039432826745,0.000517407349845624,-0.00013174379287679412,0.00011135747912147753,-0.0001143623511868357,0.0001492148440977298,-9.241163460280687e-05,0.00018469146771382748,-0.00014192580512587647,0.0002661056829917609,-9.509214618488572e-05,0.9364088731682625,0.02005911252997669,0.018890216594367105,0.005809777993403464,0.01093156104281488,0.009517972735897714,0.0033279520648878728,0.0021324427443621696,0.002410738298446718,0.0014062209926865629,0.0016137117614558945,0.0009639825910916213,0.0011369989060182415,-0.0006314748874954419,-3.0088489342874205e-43,0.0023161079848107564,0.005045703902352205,0.0037309339562224277,0.08777510523990893,0.009403884030028925,0.008315488749537402,0.004244141276721812,0.0032871709399132564,0.0011792556289860487,0.001776120024126272,0.002699892257115185,0.003644623203413786,0.00046558902316493864,2.980926215397339e-05,0.013563714028299277,0.012178114222949888,0.01635949786910708,0.01033475601608261,0.028849466410253172,0.007500174160765759,0.0018500467578433312,0.0012590837691677864,0.005246741941582857,0.03162269391836009,0.005291843301737489,0.005398782496748642,-0.0,0.00046322377514132414,0.0013869075407708588,0.00045130176269488954,0.0003632630728240408,0.0002711746189192756,0.02446024977304231,0.006050561526652088,0.004083214255032088,0.0396942670477303,0.006597712632456173,-0.0001428703714035258,0.00426627467288194,-0.0,0.048679905074864444,0.05471780462038574,0.004030643881327545,0.00015484644405503134,-0.0010116166051052683,-0.00022120337687117194,-8.012486706023467e-05,8.366423692500217e-06,0.002481054105617721,-1.992379681640251e-05,0.010506310808431932,0.01691589889394307,0.12095864017004324,-0.0006097168315069688,0.005679437935389455,0.004513313616469927,-0.0019569617510258406,-0.004994366449568087,-0.0029166090858613247,-0.021022109564700336,-0.007946575693411064,-0.0019415842443921368,7.982055923967107e-05,0.011972040567093582,0.0012192837799300668,0.0033511650907613088,0.00028321352518250863,0.0003417967129845938,0.0006250102381671027,0.0002854482740540323,0.00015589855530764976,0.0004413468293616816,0.0031972469151192694,0.0011752943009220092,0.0034736373658405266,0.006622061221591686,0.00024580182416281484,0.0003029087285259768,0.0005487105526887912,0.001066357067528784,0.0011601523667256356,0.04460289784915129,-9.936763701755483e-05,0.0009312193307190973,0.00039912233666163603,3.403398004479762e-05,-1.9784786148817376e-05,0.00026987019452626816,7.4976023521525295e-06,3.261506251038622e-05,-0.00011915242316637222,-0.00011915242316637222,9.405619490518542e-05,0.00020701977310568048,-0.0,-4.140096634580705e-06,0.0003626241132827085,0.000715779838049371,9.500400349277738e-05,4.224204222978907e-05,-0.0,5.5553960447993294e-05,9.970647339409686e-06,7.4976023521525295e-06,-1.3560374988541367e-06,-5.126238879380993e-06,-0.0,-9.173716359916392e-06,0.00037596718111652667,2.786059595644128e-05,-9.776134724884822e-06,5.5872263483513975e-05,-7.722306451350436e-06,-0.0,-0.0,-0.0,0.0002039266625423101,-0.0,0.0004655520309416572,-0.0,-0.0,2.7512726670171815e-06,0.00013732041957948923,0.0005499508863971757,2.3454939652423704e-08,1.2676463524675772e-05,-0.0001168441783753007,-0.0,-0.0,4.134096958927229e-05,-0.0,-0.0,-0.0,5.435335813471925e-05,3.692143272977891e-05,9.9051212293157e-07,3.477023594569423e-05,2.4789041107051302e-05,-0.0,6.198034500880849e-07,4.030185395782375e-06,4.030185395782375e-06,-0.0,-0.0,-0.0,-0.0,-8.456693522969911e-06,3.435727567297947e-05,3.6228686999233176e-05,0.0002408805489138474,0.0002237863684894803,-2.9945532281519753e-06,2.2803522812044816e-06,-0.0,-0.0,6.947806326484237e-06,5.594049650958565e-05,2.0260877948217456e-06,-1.8536103689666188e-06,-0.0,-0.0,-0.0,1.6390797682075815e-06,-0.0,-0.0,-0.0,-0.0
2.3874083327325287e-44,0.0011611610743363643,-0.0006762928105623622,-0.0024029008513177796,-0.0003369949832727759,-0.02128593058658582,0.5127545229420637,0.5340392220928855,0.5104848724250074,0.10778512567047747,4.0389678347315804e-28,0.0002033565178569402,-9.314072293769169e-06,5.997662511631216e-05,0.000152693965034397,-0.0008093554432494297,-0.001198583892752742,-0.001522801061393488,0.04936599626754738,0.00024166986033815225,0.0005566444645306169,-0.00023113377510192965,0.00048611312279749855,-0.00038744687885316635,0.0036788768028491745,-0.0003692591800494145,2.750738772661154e-05,-0.0008963714828052636,-0.289576689960701,-0.0038134434745283564,-0.014886854710470878,0.012072905354810131,-0.0008195822179146092,-0.008400236759745962,0.007358436668101499,0.002407451568399105,0.007213600984824648,0.0010527447452825345,0.005470848227234949,9.424223124685012e-05,0.0033771056684285955,0.0010308567214012876,2.3874083327325287e-44,0.020885198546555628,0.0012685379986473126,-0.0023270882508203785,0.07063553004765695,0.029373820221959293,0.034459776567712895,0.008908929083537737,0.010118458480782928,0.0029673755292466105,0.03713358322439468,0.004727270629030945,0.017481444531816406,0.040249331649270095,0.0015984710017847032,-0.05809292200811691,-0.014778033263640813,-0.05349226596092778,0.01220437520437004,0.04852080583956595,0.0485681544783055,0.007574353115081634,0.00391899564825738,-0.00850903023301254,-0.027654432630666595,0.0077717757992726766,-0.011788536136754402,0.0,0.0044575290111710155,0.0030041816138989715,0.042042516243278226,0.004460230917399447,0.061968688507372735,0.09169925460194239,0.01680273999451155,-0.01153221286554828,-0.11675235014597038,-0.01138359286443437,0.005303736695176918,-0.012753577806406192,0.0,0.1650461768019308,-0.05481529837651393,0.040991568555034344,-0.00015059373750368483,0.016549579066738623,0.0037663354961360632,0.001937319071043972,0.0010388983390333662,0.0014737843194683224,0.0011511326663679172,0.06824463543290178,-0.007327745941486092,-0.01639661963266057,0.012615556143906859,-0.0007572085345920719,0.00821137246460661,0.0043242140844985035,-0.018785132961456383,0.0054166023766193125,0.023221235572971864,0.0043526949086542645,-0.011912182338547786,8.830265929971923e-05,0.017251892831826512,0.005022158779444544,0.010775866909002061,-0.0012125618606076904,0.000997794074210283,-0.0002147677863974054,-0.0008908161279597689,0.00032942720866368965,-0.0005613889192960796,0.011057527463058757,0.004846681615712102,0.025227524868082458,0.003975123546292862,-0.0009517524025741063,0.0009852145196949532,3.3462117120846894e-05,-0.0007761567056934857,-0.002472356881653761,0.019348399828270527,-0.00022559679319225756,0.0029176206198973983,0.0004802045475589171,0.00012806084826168313,-3.65824897006477e-05,0.0008699840252623519,-0.00021460104227719832,9.767266408801446e-05,-0.00026217928289290314,-0.00026217928289290314,-0.0008174508202709712,-0.0005834777871435557,0.0,-6.800448164555222e-06,0.0004065293125241939,0.0017129569794033564,-7.843476448597629e-05,0.0002072394242119236,0.0,-6.205250729440701e-05,-6.698924198454708e-06,-0.00021460104227719832,2.1532603032173536e-05,1.605789069048055e-05,0.0,0.009491526366996943,-0.0019351205390702843,-1.4277138022840296e-05,-3.897243790301843e-06,0.00010161986881288592,-0.00012338342413986244,0.0,0.0,0.0,-0.0006858656308182185,0.0,-0.002076429749668643,0.0,0.0,-2.0797148320437723e-05,-0.0002063734938638437,0.0013941222165806942,4.852081113514728e-07,1.6428605232685586e-05,0.012638816435585011,0.0,0.0,0.00016716506563859798,0.0,0.0,0.0,-0.00035089173284201134,-0.00017915297090726273,6.183638495329792e-07,-2.472973316666294e-05,-0.00013360831756328314,0.0,-3.972950282085319e-06,4.397657236201791e-06,4.397657236201791e-06,0.0,0.0,0.0,0.0,-0.00018670693744658948,-7.54259217686579e-05,-7.249788236825399e-05,0.001284853731947976,0.0010706052183644536,-1.7032788542142053e-05,-5.030421997896114e-06,0.0,0.0,1.8089332354997723e-05,-0.00014196452763210485,-2.491473043053785e-07,4.511348819036545e-05,0.0,0.0,0.0,-1.723636413190969e-06,0.0,0.0,0.0,0.0
1.9488451556870344e-44,-0.0013866108639040697,-0.0062806446119945125,0.005500223073406141,-0.00015351517165818063,-0.015140667883531734,-0.10863099445786811,-0.06256593818480587,-0.10688034151398694,-0.03167838014760799,-1.3234889800848443e-23,0.00023750007213290002,-5.9942034473479365e-05,3.550966858910757e-05,0.00026193243801727207,0.0015859234483203788,0.002511886680841499,0.003038651113412008,-0.01759372087300256,0.0005439967739781884,-1.0072891480101183e-05,0.0003076629788322371,-0.00014692232615229,-5.85718299497954e-05,9.808457614249263e-05,0.0007876645041115782,0.0006229241773455642,-0.012542141578610262,0.13054577135604878,-0.04417440942063073,-0.044154236223682995,-0.0007865235420198178,-0.01243886745900986,-0.02217663334170357,0.0029392532955008466,0.0028082587009969537,0.00310086498036366,0.0030783688243237626,0.002498319531757294,0.0032251248787119493,0.0027356475378106696,-0.0062540735085519685,1.9488451556870344e-44,-0.006137858736967092,-0.02029771691137042,-0.027398915733254803,-0.09097824849450212,0.10277034863671447,0.08828707703681354,0.050878941959990744,0.04108019751759324,0.0064328602127893654,-0.030605239125644848,0.015509836400244958,0.03577211291575904,-0.04822341297467114,-0.0032917093418168854,-0.18514902038077707,-0.10217058230283167,-0.08251389559815074,0.02170139841918185,-0.052717741977541144,0.045615447695867235,0.030512115517077963,0.04123055750054885,-0.01014997426307134,-0.19565023134404508,-0.0022344468773656217,0.034519995645626,0.0,0.01935319147809819,0.02064734806545893,-0.06236618989337611,0.015907156737339268,-0.018843022130977966,0.16316592282526388,0.02077177184121747,-0.015863693264624976,-0.30894758339472367,0.033025641752447495,0.00380274332613576,0.05917881751103554,0.0,0.5739453102939867,-0.10209686873007406,-0.07180550187622232,0.00017459258363235674,0.0073808579608595735,-0.001592891579191209,-0.001586961805020524,-0.000509149486776221,0.019161371529082684,-0.0018891366168158135,0.1123493807959534,-0.049106779400232975,-0.537821899086626,-0.010383251561990953,0.02771891325316683,0.06441084357128017,9.969918610126892e-06,0.06147261925097325,-0.004360547611997459,0.12267314538651339,0.031437921181659174,-0.008500416241548393,-0.0013760678733033345,0.0025194034942143456,0.021824241471997838,0.03411803304104162,-0.002211692962780008,0.003247674378371039,0.0010359814155910317,0.0033475606335625304,0.004604861531125159,0.00795242216468769,0.033067922453863426,0.02033761641577287,0.01789502617510178,-0.01639126735117583,-0.0019824099466229316,0.0030156832745893134,0.001033273327966383,0.008988403580278715,-0.027271218315811602,-0.02169063733088703,-0.0004948118398745201,0.010169761849879314,0.0028326040898226843,0.000768168257390371,0.00013242182291509612,0.008363985298633615,0.0009527201430725665,0.0028260018227868867,-0.0003623900169594255,-0.0003623900169594255,-0.0013598530686183808,-0.0010923206013057607,0.0,2.1560369664509348e-06,0.0023176194947274378,0.00864625619561234,0.002800059211673532,0.0015354061414924148,0.0,-0.00042681854145435117,2.0897550723793903e-05,0.0009527201430725665,3.871716562446212e-05,8.040814202744001e-05,0.0,-0.015648551652974473,-0.004323231002838209,0.0001874842770372119,1.3015527832156557e-05,0.0009700029237672532,0.00022504332710714106,0.0,0.0,0.0,0.002535823325522175,0.0,-0.0001330364098226497,0.0,0.0,-4.966292240538343e-05,-0.00096036531301663,0.0021421472092709843,-5.623461118683474e-06,0.00020652624345317874,-0.01793764115979725,0.0,0.0,0.0014788463484990213,0.0,0.0,0.0,-0.00031523503608796316,-0.00010048482216240705,8.275067404207456e-06,-2.6738667526723493e-05,0.00014555300766897107,0.0,-8.056902948267595e-07,3.8592078850879946e-05,3.8592078850879946e-05,0.0,0.0,0.0,0.0,0.00013130221100756778,0.0012045983286259096,0.001198525425765185,0.002468541629726993,0.0020207406844054174,-1.8933559564806823e-05,2.409219293590225e-06,0.0,0.0,0.00034767081134362494,-0.000748048701029591,9.136434078380998e-06,-2.5259852774852273e-05,0.0,0.0,0.0,2.8016667185815307e-05,0.0,0.0,0.0,0.0
-7.423152879090364e-46,0.0066474017713577,0.007082416118139458,-0.01475242809676869,-0.000884591655493901,0.1662940008165399,-0.07133003636685531,-0.12590476217066496,-0.06599693133880483,0.12647251664773948,0.0,0.00044931085572731173,-0.000461854219958133,0.0004937694538587594,0.0004173956218266854,0.0012171189493104014,0.0015200257440057948,0.001184466252268036,-0.057970552308845354,-8.860891493642196e-05,0.0008321632783722726,-0.0007049858726212682,-0.00044713290691557973,-0.0019435242666921637,-0.003865911251145676,-0.004035503622339278,-0.0001765468739918412,0.009933245855639268,-0.09490957879014252,0.05756873665697008,0.05641504396363102,-0.005467355019481773,0.024751236952863263,0.023294142317787668,-0.0041185756170632505,-0.00332366743545894,-0.005944968495990721,-0.004753690658208157,-0.008175561639252085,-0.0051414579830919935,-0.0070312172722243865,0.0028499416985717798,-7.423152879090364e-46,-0.007109036763610342,0.01554477044690775,0.017842138586550888,0.07352965230026832,0.11575024330710569,0.07822989975713751,0.015434830573110113,0.028580508292636562,0.002871060227072259,0.02691111920038409,0.012923937128295072,0.016206078346091047,0.00938756950068141,-0.0009630497758174381,-0.08307510709077451,-0.13911069236604362,-0.036050828428248666,0.019534249693273924,0.18710977637128115,-0.16738763524252753,0.026046140009882167,-0.0017699686640073704,0.024499467062251385,0.1903930164840707,0.04690127449860515,-0.19888831285727304,0.0,-0.040273939297379,0.0037731019263068373,0.005248931790963345,-0.024694165744269157,-0.09799210525663832,0.29647340797106136,0.045076388313523556,0.0003393398483228572,0.10438572160448983,-0.15360655297254516,-0.013395464095841646,-0.09897878502046983,0.0,0.5123237540725604,0.1234130210200489,0.027829486025454528,-0.00023853053260482343,-0.09811297375403064,-0.00862574026638324,-0.0033439805816405732,-0.0018043943437345044,-0.060617847518689955,0.0001946112175804168,0.05883019225579589,0.0291059748431074,0.4874064662443273,-0.03594938864680323,0.026913797238522812,0.04043060831107873,0.0014164445965948627,-0.018232377323924943,0.003362727142516441,-0.13081634973082498,-0.04121539778472189,-0.009739403060663522,0.003170437446289023,0.00869479971398389,0.020696160740500263,0.029086599839034936,7.054439011016197e-05,0.0030262269370879232,0.0030967713271980867,-0.013254013069292811,-0.0009665561775159036,-0.014220569246808722,0.02916760173739087,0.01879686987341387,0.024699688868514286,0.04196085354826304,0.0004820601800010147,0.003311230555886544,0.003793290735887558,-0.011123797919610635,-0.02745082769048396,-0.050942187532951363,0.001556442951350213,0.015216996381529766,0.001774212306231375,-8.146935552624661e-05,-0.00014994380260894188,-0.000774728044174264,-0.0005896221563209736,-0.002030320629514586,0.0014064991487412707,0.0014064991487412707,0.0015337494119878224,0.00019364801869238037,0.0,1.8185916596690837e-05,0.001656882848206096,0.0017891609713861622,1.5705423770151104e-05,0.0019178233991240866,0.0,0.00037138965160097914,3.526715114619729e-05,-0.0005896221563209736,3.8147505586733164e-05,0.00013022654729205084,0.0,0.0015349700600648776,-0.00158010605528657,-0.00012914747061839912,-3.0916697368849875e-06,-0.00029575997954670827,-0.0004048097721371256,0.0,0.0,0.0,-0.011527850933862866,0.0,-0.0031399896402352417,0.0,0.0,-9.759706648890386e-06,0.0003623798695644918,0.003630944226916273,-3.3387070134208634e-06,0.0002612421170365584,-0.006193956827770381,0.0,0.0,1.6841427733789546e-05,0.0,0.0,0.0,-0.0002218908380628788,-4.600052262688454e-05,-1.588148551640885e-05,2.0648823067678455e-05,-0.0005240924764440126,0.0,-1.9144930450836257e-05,-2.0616646652755808e-05,-2.0616646652755808e-05,0.0,0.0,0.0,0.0,-0.0005399182820850088,-0.002094447029308529,-0.0020893760227761863,0.0015712160847183858,0.0014415314654131236,5.304162394947572e-08,-1.8783515643176418e-05,0.0,0.0,-0.00015076941649267396,0.0003775727057129415,5.361141812838854e-05,-7.835850200314164e-05,0.0,0.0,0.0,-4.651509125942224e-05,0.0,0.0,0.0,0.0
-3.14853311709226e-45,-0.014170292822807372,0.0028671007010212662,0.014643030992719151,-0.001145396103276436,0.12760121873449437,0.06197861885256812,-0.03075469357088867,0.05065592474345652,-0.17974061861190907,-0.0,-0.000628239746697292,-0.0002633171153027218,7.02031142040167e-05,-0.00043512574559858257,-0.00014397969586103863,0.00018633171897517733,0.0006106140877945062,0.1443107898693186,0.0005059822740712986,-0.002217330244046245,0.0004998910325044354,-0.0011521467205334937,0.0014517248993159762,0.0056488090831415955,0.0003273492724783605,-7.813474809932207e-05,0.005154734821221897,-0.047575095208043136,0.04944531395313429,0.0785622589176304,0.007069212671962075,0.023466388838142414,0.03605228077157037,8.271957476678818e-05,-0.013451025648489465,-0.005703580822654526,-0.011794411033112713,-0.004297584129707661,-0.008329516801333049,-0.004877915893046217,0.013961826137846047,-3.14853311709226e-45,-0.05756705783189375,0.036540407555304064,0.04674615386662102,0.15333502724730055,0.07908169484268035,0.053485250755577175,0.0016469548849619847,0.012250874844708853,-0.013496771161518626,-0.18549415458876256,-0.008812678072625525,-0.032899347460223195,-0.27199685239869237,-0.005465769008407301,0.2704437822333698,0.1284683835720334,0.03741608738455014,0.0913916191882498,-0.10973000627656351,0.13408500593797706,0.013221004824521442,-0.02246488912254657,-0.009678410442945352,0.1360357576398204,0.012633013309544638,0.004642967423129182,-0.0,-0.002725368277035822,-0.00243259960673303,-0.28781741127613597,-0.0030375817794235337,0.248807011357434,-0.027494607289393187,-0.001824534745570594,-0.022815196582964402,0.3252250397684778,-0.013989450074027882,0.0398174160561055,-0.09841901081186705,-0.0,0.15598929602032297,-0.03410951160346082,-0.30003624794289574,-0.0007994518087416387,0.09306476377699695,0.014807670091900564,0.007955131930514558,0.0028000138669293435,-0.03671299982655181,-0.008306502777463207,0.18218996989954667,0.2351662394091266,-0.13024378351572577,0.07515328231730273,-0.0002788900609717315,0.029237074618967615,0.01647330494596435,0.21838999739860243,-0.010030587071516113,-0.17722268318421863,-0.021446517294162436,0.017018885368510164,0.0002474760178847078,-0.03585138430315861,0.010724888951389988,0.006700615616421629,-0.0019819930182012335,0.0010344883032696287,-0.0009475047149316105,-0.005802091495743104,-0.0030880530934527003,-0.008890144589195797,0.008843626162663064,0.009476795690901754,-0.04169397945042692,0.03579902233401486,-0.0014570825241091599,0.002105884170273372,0.0006488016461642116,-0.009837649304127394,-0.004340297452962388,0.13492792967656178,0.00021914116476659095,0.01160694204564414,0.0012662903716003666,-0.000304761431949258,-0.00023135540428737662,-0.004117371616189822,-0.001341291758509235,-0.00212514026675833,-1.2214239520786426e-05,-1.2214239520786426e-05,3.3211468075619935e-05,2.3680526307807113e-05,-0.0,-1.000762883420359e-06,0.0013393248544209934,-0.0026223041010628445,-0.0021866740956440877,0.001311726330758864,-0.0,0.00015381196010739236,3.2704369903241545e-05,-0.001341291758509235,3.611470040984888e-05,4.902695650010327e-05,-0.0,-0.0636826531590088,0.004107681166821064,-0.00022433035489886931,-1.1020627525988027e-05,-0.0008462828548442633,-0.0007455237712781505,-0.0,-0.0,-0.0,-0.004070407744707677,-0.0,-0.0072034913100762704,-0.0,-0.0,5.432635161163422e-05,0.0008896460966958883,0.0034243154051182504,7.146563388982096e-06,7.102329213564144e-05,-0.047498844930122464,-0.0,-0.0,-0.0005039259317277397,-0.0,-0.0,-0.0,-0.0006512332185434253,-0.0004009246052455889,1.1685907530046373e-05,3.519876326372448e-05,-0.001381977007522677,-0.0,-4.8656311851437546e-05,-5.099367258432144e-05,-5.099367258432144e-05,-0.0,-0.0,-0.0,-0.0,-0.0006687521094889399,-0.0013895758978383645,-0.0013766239618536009,0.001587253463708146,0.0014547536068136666,9.232665184653286e-07,-6.402815909360934e-05,-0.0,-0.0,-0.000281292301991064,0.000566036732460912,0.0002103926092443673,-0.0005657613680094294,-0.0,-0.0,-0.0,-4.376790698397206e-05,-0.0,-0.0,-0.0,-0.0
5.5094442022969154e-45,-0.0036850137163618197,0.007164592075547663,-0.003310191786306496,0.0012993193328604824,0.4510208946626225,0.01575444330228909,0.02713040924645172,0.013556802324643742,-0.10747490130097143,2.7755575615628914e-17,-0.0002660203371329231,0.000268275550894202,-0.00028089161334697034,-0.00025340427468013057,0.0034368924753586105,0.00519325509463107,0.005683584625885014,0.0587171893012786,-0.003080375856130153,0.0029629762882925677,-0.002679957223251625,0.001755832823754362,-0.0030087710076501656,0.002616775671497904,-0.001310141883323755,0.001400906885435624,-0.0171175543290983,0.022289633745415285,-0.02653933371360937,-0.016723855726838675,-0.0026618638106477932,-0.011679936825682396,-0.0016586623783814251,0.002737478899462509,0.013257065295229816,0.011663580193662374,0.017113554257530264,0.016495705284503014,0.016707622108677874,0.01575410611030333,0.00800549290871537,5.5094442022969154e-45,-0.008824244557623616,-0.05347406696476499,-0.06987000401559493,-0.07607853449491793,-0.009421433731329667,-0.01782892348799746,-0.0014951338857936494,-0.0026723080896638995,-0.021218548185752993,-0.04490303054545513,-0.00861801694463597,-0.03411711046669223,-0.016202269042522123,-0.006867764260013628,-0.38599659913501594,0.367029711905255,0.23108116935468392,-0.12234021497974105,-0.07381348135006793,0.12544308465754656,0.0053049996022953225,-0.006313932224913655,0.17568830681637324,0.11712589356027552,-0.08450140069208299,-0.2940029849350961,0.0,-0.03850095692900474,-0.015259790622327109,-0.035688358641054574,-0.01496316975144104,0.010757822911711165,0.003997218743916137,-0.023047018507049863,0.18109821962660963,0.014738429565021971,-0.2577725933568302,-0.027484727863624086,0.0900534964003929,0.0,-0.06995111502698928,-0.16946241718980443,0.027161286059399714,0.0009226401074107786,-0.04304094978140437,0.013090520742442338,0.0061636517883459745,0.0024595222096172246,0.1819122454633306,-0.0006181915434979928,0.05673237182399171,-0.14889115117450666,-0.061598887146657594,-0.0157796605893658,-0.025116922149726877,0.07564671841316975,-0.0600357202640695,-0.11076651815014904,0.0479251117211798,-0.04482777449250303,0.004067082005437511,0.026283076935883425,0.0034770816750939976,-0.015547264011450823,0.004285508405492998,-0.009941053341985027,0.019012221566685715,0.0023128387627158755,0.021325060329401593,0.007031613515636557,-0.0020709453085320604,0.004960668207104488,-0.007469816219125378,0.004468186796364297,-0.019148393558087465,-0.06008131143725115,0.016768421081141405,0.0025013578857787655,0.019269778966920174,0.026285728536506073,-0.00967040833688106,-0.036681570757171655,-6.925253483671995e-05,0.010022874600893525,-0.0014920230280927793,-0.0005883371202058023,-0.0003922983703999794,-0.0021280809151686805,-0.00020964905513205258,-0.002976039893018291,-0.00046155090523670203,-0.00046155090523670203,0.0011325468898804277,0.0015532174045517022,0.0,0.00011072781499180481,-0.0012340042349066405,-0.0050879986968692115,-0.00031217534824686454,-0.00014048757333327334,0.0,-0.0011930492390160648,0.00010987597425974861,-0.00020964905513205258,1.9480473524769793e-05,6.510955876276359e-05,0.0,-0.007197470254699988,-0.010323313244783777,-0.0001530856426552574,7.984271703684613e-05,-0.0008496471847353504,-0.00025188322658437003,0.0,0.0,0.0,0.001632914640631142,0.0,0.019713924553821847,0.0,0.0,-6.636693005264617e-05,-0.002056857646059243,-0.000721196200342519,6.80522576874183e-06,-2.1186188642120232e-05,-0.006311582336444906,0.0,0.0,-0.0001356522491533498,0.0,0.0,0.0,0.0037522213131954063,0.0022345460408844764,-4.136788538767167e-05,5.638446985293421e-05,-0.0014144883129638506,0.0,-2.940271191000002e-05,-2.3497967241159452e-05,-2.3497967241159452e-05,0.0,0.0,0.0,0.0,-0.001226371080467813,-0.00269714601513077,-0.0026711269653212854,-0.0032802899596448016,-0.003030805570625742,9.306479197893555e-05,3.7510364755490045e-05,0.0,0.0,-0.0005453435213200596,-0.0014081683937793845,6.095436709219063e-05,-0.00019796402579811393,0.0,0.0,0.0,-6.308323453847931e-05,0.0,0.0,0.0,0.0
4.751903023237236e-45,0.010616482815738666,-0.00532423393301483,0.003833001682595958,0.0018179626872588256,0.13048053772559445,0.011591473170916071,-0.0067334552354870805,0.010033879230054646,-0.06107446565684023,5.551115123125783e-17,-0.0002583620465638094,-2.145177803447984e-05,-5.413967831207375e-05,-0.00018277059021724534,0.000870844315498807,0.0028278629347581845,0.004813309204074955,0.03593068829705543,-0.0022257549324549582,0.00045987106624199945,-0.0010559311711607188,0.0008033769127244146,-0.0004125819469137263,0.00031733032769551845,0.000599572893495217,0.0010775457157369294,-0.021416255182817614,-0.023565997834354292,0.00799128734617382,0.015566249999334576,-0.0019936435631695247,0.00619904970717934,0.0058053866916016415,-0.005314713149799545,-0.0035274258050484526,-0.0055729311123750855,-0.005387484393226737,-0.006113824818802262,-0.00876905976387642,-0.009299828144756331,-0.0028386922585115215,4.751903023237236e-45,-0.021307543649513008,-0.025541907941835872,-0.05124035050361996,0.01456322967134406,0.013893888976217995,0.02174813367992351,0.027806382895406562,0.01810136973440729,0.003465258893616043,-0.06628650192074304,-0.016097364705233964,-0.0008411056391023635,-0.047094565702270386,-0.00010107901999134805,-0.17148550806008422,0.5149668432217126,-0.2691866042459852,-0.014083736326273267,-0.04390458835127044,-0.24789483440017274,0.010760593722999472,-0.018793496463739102,0.12813585959224286,-0.0906254055757407,-0.07332454838236903,0.2933096679352758,0.0,0.057142163704374575,0.02030644080332302,-0.04187585546966027,0.054679792141722486,-0.01536379824924964,-0.0441963916102633,-0.04248799706793803,0.11999562126155185,-0.05567475810678786,0.3019326260344489,-0.027564818900496536,-0.25494544905505007,0.0,0.06143619502279993,0.3038331934321269,-0.024598020226553892,0.0013661087681238978,-0.01814537509952457,0.00764578712660021,0.0022900432054568905,0.006208980227211825,-0.2681310288679056,-0.0013936868065161756,0.08219197653638546,-0.07646256651380491,0.09981743692211945,-0.022218311371145112,-0.023171724412937893,-0.049405094064441615,-0.053773452709486115,-0.06152329013711579,-0.06717708526634891,0.1347288420202395,0.019102413422477288,0.016168290549990413,-0.002156673559128106,-0.009791018254941485,0.00994019085732547,-0.0019107304682521704,0.011715843997078786,0.00014978849686205485,0.011865632493940844,-0.018209052635382174,-0.0012957661182491347,-0.019504818753631307,-0.001242948949603267,0.008676583153649511,-0.01648328032384172,-0.03785659372004859,0.009480361799835945,-0.0006209300040052831,0.008859431795830668,-0.007639186259690474,-0.007644665326375563,-0.002105560633942901,-0.0016635566503468342,0.005494698013883916,0.004198137278508349,-0.00013331738540262706,9.2830447812499e-05,-0.004413576581552819,-0.00014203310243773257,0.004894704189815464,-0.0015707262025343365,-0.0015707262025343365,-0.0006455945720638862,0.0005178151916949954,0.0,-4.227192473078289e-05,0.0037527394069599637,-0.0021610766716575105,0.0007141736093595801,0.0011944756426024382,0.0,-0.0015235965473086232,0.00010937928477733265,-0.00014203310243773257,-0.0001293243579492173,1.8657432520821304e-05,0.0,-0.010367340311827294,0.008514288689918204,0.0003385323500607916,-0.00011300834255989758,0.00035307427870214403,0.0003026944356814962,0.0,0.0,0.0,-0.008742545689502319,0.0,0.016793389839121813,0.0,0.0,5.65689377616009e-05,-0.0026448108163759252,-0.00014738276943775672,1.6394424776384002e-05,0.00015876090693114176,-0.01128347985602918,0.0,0.0,-0.0014683751918394914,0.0,0.0,0.0,0.003196021881603575,0.0018598258949067267,6.62469506814338e-05,1.3211221274191596e-06,0.001423992441230401,0.0,4.3345397626914304e-05,2.0822981408530897e-05,2.0822981408530897e-05,0.0,0.0,0.0,0.0,0.0006679395653188643,0.0056739961463600115,0.005649485804991704,-0.003072792594803366,-0.0027059280515888,7.246090224820518e-05,2.215513008266462e-06,0.0,0.0,7.34646971928729e-05,-0.0018766593808644456,-2.5719152074440987e-05,0.0002545476294394044,0.0,0.0,0.0,-6.385515948227063e-05,0.0,0.0,0.0,0.0
3.83761969069524e-46,-0.03586077518154237,0.010752509301775588,0.01074741900929016,-0.00022363188894955477,0.3888408760635331,-0.01018991278859159,0.00592484221757919,-0.012580114585698018,0.027942944596480467,-0.0,-0.0017399180285109887,0.0015379739025261836,-0.001589188293356573,-0.0016887036376807118,-0.0054498472294128054,-0.005720963831792943,-0.005043045462965993,-0.06690006790741479,-0.0019751933980104606,0.0022542248325383,-0.002402476007354592,0.0017626513789777665,-0.0014628552968625186,-0.013953889151505833,0.002742455050176051,0.0022614071028331543,-0.02933979762944148,0.023455337652493267,-0.01669832962127675,-0.013081103407765955,-0.0007760086349624293,-0.0009663703473360712,-0.0014855027268213547,-0.0008721353246011051,0.009987117867201929,0.0037816331266664832,0.01177639275401119,0.008729530103469475,0.008899647994608814,0.006635841992040645,0.00977212179257371,3.83761969069524e-46,0.009440477501765458,-0.027009182557021207,-0.05320597817440163,0.008238323935227339,0.1457108493811189,0.2419682839547616,0.009771072677365024,0.017083193579790074,-0.04339721867679307,-0.12514193373883295,-0.10004254888522557,-0.10455440883378281,-0.0030707504623788545,0.0030999728349735615,0.05040079808954741,-0.11152246425970475,-0.20781203710770363,0.23646802249185062,0.04035669496382654,-0.142712377552554,0.01133918108069239,-0.02865834718838287,-0.1152072345694608,0.03998828853762297,0.06390139132780266,0.09928008300546476,-0.0,0.04067315143997351,-0.04545577789652985,0.016903055432477845,0.015277775287728591,-0.007338154450697416,0.3494717373246419,-0.05596282212067687,-0.048857837245830274,-0.32391187338619554,0.0480166741664394,0.0009137649971659879,0.059904288936461644,-0.0,-0.3645618222397279,-0.12890407284983807,-0.08621239321340676,-0.002920254528357216,0.0937361367602837,-0.002622604941647212,-0.0012220652785143702,-0.002740797737182686,0.007210466653298428,0.0004264104306135421,0.022634512641871867,0.10957549310786388,0.009445117948135736,0.03379460373823579,-0.28638448227818675,0.09988362832377576,0.024450509822604896,0.06457952754759361,0.0503951563433956,-0.13831486192537895,0.0016755782141006023,0.02737280376566928,0.0012817909440755912,0.006902415910121341,-0.0010221252379370243,-0.016795248855308715,0.00014336316810254304,0.01361308153830319,0.013756444706405729,0.010560170061246231,-0.0018806287481763673,0.008679541313069864,-0.01334544964509384,0.004815237396707283,-0.012431355759308146,-0.02684439970709284,-0.00022938405431384467,0.013333974450210274,0.013104590395896423,0.0224359860194756,-0.021820429087576962,-0.044308470646712485,-0.0141908764372904,0.040302620679073406,-0.012485520160873611,-0.00038261091628578967,-0.0007062191905261267,-0.0040922831223081406,-0.0015971997875363784,0.0007811191232474667,-0.014897095627816527,-0.014897095627816527,-0.01800921062605054,-0.003145307978286413,-0.0,8.999594884150882e-05,-0.011725871749306812,-0.013846059693700192,-0.006618341672882342,-0.006148239377235149,-0.0,0.0004944845481095498,-0.00012556986918774176,-0.0015971997875363784,-0.00030062720286176106,0.0001556278421396314,-0.0,0.007044187485924398,-0.0008046709547177083,-0.0009183392102819266,-0.0002569539912777554,-0.0014594510511625235,-0.0008290380613300809,-0.0,-0.0,-0.0,0.00991630521448118,-0.0,0.003921019180150757,-0.0,-0.0,3.7961994449662e-05,-0.0019878978191892175,0.0213125629953487,7.218103994619808e-06,-0.0011649334734865249,0.011334194053505303,-0.0,-0.0,-0.00020146292952088617,-0.0,-0.0,-0.0,-0.00025606826927292435,1.2479935676740624e-05,-2.1598505141550414e-05,-0.0006201856051216516,0.0014404399794508338,-0.0,4.2532951565576984e-05,-0.00020683956840078662,-0.00020683956840078662,-0.0,-0.0,-0.0,-0.0,-4.3622383916178684e-05,0.0017470268255987131,0.0017680485512001187,-0.004812121696534256,-0.003181140682184752,0.00010489048653855746,-3.45625651046973e-05,-0.0,-0.0,-0.0005580926272203369,0.0007050565063972428,-0.0005013700648917733,-0.00036151893759253195,-0.0,-0.0,-0.0,-0.00010168664220085543,-0.0,-0.0,-0.0,-0.0
1.2121752878023519e-46,-0.01130902173627937,0.002282291089407612,0.003645777840378478,0.00017394257209057962,-0.23213327070212003,-0.00412953905458132,-0.07251987345470429,-0.0062283029973909596,-0.027304969816088973,-0.0,-0.0011680803438236373,-0.0007001955014884222,0.0005610464640980643,-0.0010289313064333768,0.001923426260670753,0.0011810896480030555,-0.0004933336589024529,0.0783811163967656,0.0034393463875564234,-0.002619166881865513,0.00024250934782150767,-0.0023851142474108824,-0.00032109965705456693,0.0053143347064128,-0.0010654984140064795,-0.006643789589846039,0.0250765462076789,-0.019497570775693463,0.052150675838809966,0.06350897253608805,0.0015079509024092425,0.0208048791581661,0.029111641724470685,-0.0054016441717641625,-0.00514757134759391,-0.004713068393374752,-0.005354916750684185,-0.0025344802931894883,-0.0030350187649647855,0.00045588246368760015,-0.0018485067649175232,1.2121752878023519e-46,-0.03596197837615646,0.010554155884826869,0.02776572469864872,0.13579584785365265,0.05203171376877375,0.06289531333563719,-0.03999867923142486,0.029575649028327402,0.05238590219161168,-0.1104104307887637,-0.03898528540333973,0.03986539669953321,-0.11502367705896187,0.02143096491350318,-0.24247488103618403,0.08804648826680793,0.08529483529547997,0.2501616432342845,-0.03342972501782339,0.1822928966195667,-0.032268851543145606,-0.05942973798496244,0.13989676866936163,-0.3305369780349452,0.4284504566997883,-0.16819516968651838,-0.0,0.008015293493962662,0.07837030945121232,-0.05845795687611061,0.007003437820434968,0.04151186183560396,0.1865372563225724,-0.03084525114374046,-0.01165910843935249,-0.08584841802347169,-0.05534235433401565,0.02586967427983168,0.03765550232232068,-0.0,-0.13993967712316155,0.10336682480126899,-0.07693804804385795,0.0005318555446436094,-0.047667803773749615,0.003948352541195344,0.001979615971759518,0.00240063023577678,0.07663790120236216,-0.004656205661002201,-0.004163459578973697,0.07935528997586173,0.18650810339366894,0.009899563616876736,-0.00011366808494316094,-0.00686278715570976,-0.011161710675734772,0.019791489841397752,-0.010159766552697846,0.29347279785234215,-0.2944411399730934,-0.0070720715653892555,0.00040944721426703257,-0.00745230894918102,-0.0025682899283533712,-0.0019455514801398517,-0.004334601029721193,-0.007612109619996324,-0.011946710649717519,0.007932459699495853,-0.007862093192236078,7.036650725978722e-05,-0.00768925656804847,-0.009945770722107049,-0.015165650588467828,0.039701160116201256,-0.003197461244555924,-0.008888358038754903,-0.01208581928331083,-0.01187634414245772,0.0019893046718617267,0.1521980474003442,-0.0012899390173547083,-0.0010731181687741852,0.018388218916679685,-0.0008318339025222116,-7.474501380501966e-05,-0.016464950826134535,-0.000892176862415605,-0.0036945176491525837,-0.001364684031159729,-0.001364684031159729,0.0008890825026362549,0.0030554863076360664,-0.0,-4.15718961525722e-05,0.018836534057036045,0.013000494271066641,0.000929853776747303,0.007347295658281625,-0.0,0.005085762912380637,0.00024665677036142525,-0.000892176862415605,0.00039837730821634605,1.6352412800281617e-05,-0.0,-0.014409536447270312,-0.0180190378086263,0.0007209923640915332,0.00029948076657634274,0.0009112299274027422,0.0008222264564060682,-0.0,-0.0,-0.0,0.005750436017469545,-0.0,-0.007664107575230929,-0.0,-0.0,-0.00025331651679355257,0.0030197586846304565,0.0004096695842081919,9.253504065824396e-05,0.0010349190031430666,-0.011518140486634862,-0.0,-0.0,-0.003015885047636511,-0.0,-0.0,-0.0,-0.0015846970920027344,-0.0006222641285408626,-3.6837352334849745e-05,-0.0007607969698633053,0.005057068944517208,-0.0,8.765581541971383e-05,-9.261529734903132e-05,-9.261529734903132e-05,-0.0,-0.0,-0.0,-0.0,0.0010867499981234944,0.00022221620885719046,0.0002326646744635018,-0.0067073502872589475,-0.00461243428561444,-6.0458595476130613e-05,0.00015763040849437395,-0.0,-0.0,-0.0006729674782082081,0.005652397005461138,0.0009830768498405385,0.0005978011172312466,-0.0,-0.0,-0.0,-2.5823838892676936e-05,-0.0,-0.0,-0.0,-0.0
