CCS,Molecular_Weight,LogP,H_Donors,H_Acceptors,Rotatable_Bonds,SMILES
162.0,297.34000000000003,-0.6093000000000002,3.0,9.0,3.0,CSC[C@H]1O[C@@H](n2cnc3c(N)ncnc32)[C@H](O)[C@@H]1O
168.3,297.34000000000003,-0.6093000000000002,3.0,9.0,3.0,CSC[C@H]1O[C@@H](n2cnc3c(N)ncnc32)[C@H](O)[C@@H]1O
154.9,251.246,-0.9524,3.0,8.0,1.0,C[C@H]1O[C@@H](n2cnc3c(N)ncnc32)[C@H](O)[C@@H]1O
159.6,251.246,-0.9524,3.0,8.0,1.0,C[C@H]1O[C@@H](n2cnc3c(N)ncnc32)[C@H](O)[C@@H]1O
152.3,251.246,-0.9524,3.0,8.0,1.0,C[C@H]1O[C@@H](n2cnc3c(N)ncnc32)[C@H](O)[C@@H]1O
168.0,251.246,-0.9524,3.0,8.0,1.0,C[C@H]1O[C@@H](n2cnc3c(N)ncnc32)[C@H](O)[C@@H]1O
124.2,152.19599999999997,3.3236000000000017,0.0,0.0,0.0,C1=Cc2cccc3cccc1c23
123.3,152.19599999999997,3.3236000000000017,0.0,0.0,0.0,C1=Cc2cccc3cccc1c23
163.4,564.0849999999999,6.351000000000002,1.0,1.0,9.0,O=C(O)C(F)(F)C(F)(F)C(F)(F)C(F)(F)C(F)(F)C(F)(F)C(F)(F)C(F)(F)C(F)(F)C(F)(F)F
133.6,300.098,2.2999,1.0,2.0,3.0,O=S(=O)(O)C(F)(F)C(F)(F)C(F)(F)C(F)(F)F
135.0,299.114,1.7006,1.0,2.0,3.0,NS(=O)(=O)C(F)(F)C(F)(F)C(F)(F)C(F)(F)F
125.1,314.04999999999995,3.1745,1.0,1.0,4.0,O=C(O)C(F)(F)C(F)(F)C(F)(F)C(F)(F)C(F)(F)F
155.3,514.0779999999999,5.715700000000002,1.0,1.0,8.0,O=C(O)C(F)(F)C(F)(F)C(F)(F)C(F)(F)C(F)(F)C(F)(F)C(F)(F)C(F)(F)C(F)(F)F
132.4,364.057,3.809799999999999,1.0,1.0,5.0,O=C(O)C(F)(F)C(F)(F)C(F)(F)C(F)(F)C(F)(F)C(F)(F)F
159.2,450.119,4.2058,1.0,2.0,6.0,O=S(=O)(O)C(F)(F)C(F)(F)C(F)(F)C(F)(F)C(F)(F)C(F)(F)C(F)(F)F
165.2,464.0709999999999,5.0804,1.0,1.0,7.0,O=C(O)C(F)(F)C(F)(F)C(F)(F)C(F)(F)C(F)(F)C(F)(F)C(F)(F)C(F)(F)F
147.0,464.0709999999999,5.0804,1.0,1.0,7.0,O=C(O)C(F)(F)C(F)(F)C(F)(F)C(F)(F)C(F)(F)C(F)(F)C(F)(F)C(F)(F)F
168.3,500.1259999999999,4.841100000000002,1.0,2.0,7.0,O=S(=O)(O)C(F)(F)C(F)(F)C(F)(F)C(F)(F)C(F)(F)C(F)(F)C(F)(F)C(F)(F)F
152.0,399.128,2.971199999999999,1.0,2.0,5.0,NS(=O)(=O)C(F)(F)C(F)(F)C(F)(F)C(F)(F)C(F)(F)C(F)(F)F
150.5,400.112,3.5705,1.0,2.0,5.0,O=S(=O)(O)C(F)(F)C(F)(F)C(F)(F)C(F)(F)C(F)(F)C(F)(F)F
156.4,270.24,1.8872200000000008,3.0,5.0,0.0,Cc1cc(O)c2c(c1)C(=O)c1cc(O)cc(O)c1C2=O
160.3,270.24,1.8872200000000008,3.0,5.0,0.0,Cc1cc(O)c2c(c1)C(=O)c1cc(O)cc(O)c1C2=O
140.2,208.21599999999995,2.4620000000000006,0.0,2.0,0.0,O=C1c2ccccc2C(=O)c2ccccc21
133.3,178.23399999999995,3.993000000000002,0.0,0.0,0.0,c1ccc2cc3ccccc3cc2c1
132.3,178.23399999999995,3.993000000000002,0.0,0.0,0.0,c1ccc2cc3ccccc3cc2c1
144.4,206.28799999999995,4.609840000000003,0.0,0.0,0.0,Cc1cc2cc3ccccc3cc2cc1C
135.7,192.261,4.301420000000003,0.0,0.0,0.0,Cc1ccc2cc3ccccc3cc2c1
134.8,192.261,4.301420000000003,0.0,0.0,0.0,Cc1c2ccccc2cc2ccccc12
121.3,138.126,0.5075000000000001,2.0,2.0,2.0,O=C(O)/C=C/c1cnc[nH]1
134.8,138.126,0.5075000000000001,2.0,2.0,2.0,O=C(O)/C=C/c1cnc[nH]1
124.0,126.11499999999998,0.0367999999999998,2.0,2.0,2.0,O=C(O)Cc1cnc[nH]1
148.9,214.265,1.2958,3.0,3.0,6.0,CC1N=C(O)NC1CCCCCC(=O)O
154.7,214.265,1.2958,3.0,3.0,6.0,CC1N=C(O)NC1CCCCCC(=O)O
144.5,214.265,1.2958,3.0,3.0,6.0,CC1N=C(O)NC1CCCCCC(=O)O
156.1,214.265,1.2958,3.0,3.0,6.0,CC1N=C(O)NC1CCCCCC(=O)O
156.5,214.265,1.2958,3.0,3.0,6.0,CC1N=C(O)NC1CCCCCC(=O)O
126.7,158.11700000000002,-0.7210299999999998,5.0,3.0,1.0,N=C(O)NC1N=C(O)N=C1O
143.3,158.11700000000002,-0.7210299999999998,5.0,3.0,1.0,N=C(O)NC1N=C(O)N=C1O
159.1,269.772,3.1232200000000017,0.0,2.0,6.0,CCOCN(C(=O)CCl)c1c(C)cccc1CC
160.4,283.799,3.1641200000000014,0.0,2.0,6.0,CCc1cccc(C)c1N(C(=O)CCl)C(C)COC
149.1,289.76199999999994,4.623840000000003,1.0,2.0,4.0,Cc1cccc(OCC(O)=Nc2cc(Cl)ccc2C)c1
143.7,289.76199999999994,4.623840000000003,1.0,2.0,4.0,Cc1cccc(OCC(O)=Nc2cc(Cl)ccc2C)c1
157.3,289.76199999999994,4.623840000000003,1.0,2.0,4.0,Cc1cccc(OCC(O)=Nc2cc(Cl)ccc2C)c1
147.9,311.853,3.8098000000000014,0.0,2.0,9.0,CCCOCCN(C(=O)CCl)c1c(CC)cccc1CC
149.0,311.853,3.8098000000000014,0.0,2.0,9.0,CCCOCCN(C(=O)CCl)c1c(CC)cccc1CC
158.6,311.853,3.8098000000000014,0.0,2.0,9.0,CCCOCCN(C(=O)CCl)c1c(CC)cccc1CC
154.7,311.853,3.8098000000000014,0.0,2.0,9.0,CCCOCCN(C(=O)CCl)c1c(CC)cccc1CC
161.6,281.312,3.720340000000003,1.0,5.0,6.0,CCC(CC)Nc1c([N+](=O)[O-])cc(C)c(C)c1[N+](=O)[O-]
129.1,108.14400000000002,0.8510000000000002,2.0,2.0,0.0,Nc1ccccc1N
125.1,109.128,0.9744,2.0,2.0,0.0,Nc1ccccc1O
169.4,310.33500000000004,0.8767999999999996,2.0,7.0,5.0,COc1cc(NS(=O)(=O)c2ccc(N)cc2)nc(OC)n1
158.0,270.339,1.22952,2.0,6.0,3.0,Cc1nnc(NS(=O)(=O)c2ccc(N)cc2)s1
146.6,214.25,-0.5594299999999994,4.0,4.0,2.0,N=C(N)NS(=O)(=O)c1ccc(N)cc1
148.4,214.25,-0.5594299999999994,4.0,4.0,2.0,N=C(N)NS(=O)(=O)c1ccc(N)cc1
163.8,278.337,1.47644,2.0,5.0,3.0,Cc1cc(C)nc(NS(=O)(=O)c2ccc(N)cc2)n1
168.1,278.337,1.47644,2.0,5.0,3.0,Cc1cc(C)nc(NS(=O)(=O)c2ccc(N)cc2)n1
141.2,172.20900000000003,-0.0837999999999997,2.0,3.0,1.0,Nc1ccc(S(N)(=O)=O)cc1
155.1,172.20900000000003,-0.0837999999999997,2.0,3.0,1.0,Nc1ccc(S(N)(=O)=O)cc1
151.8,172.20900000000003,-0.0837999999999997,2.0,3.0,1.0,Nc1ccc(S(N)(=O)=O)cc1
161.7,284.728,1.5129999999999997,2.0,5.0,3.0,Nc1ccc(S(=O)(=O)Nc2ccc(Cl)nn2)cc1
152.3,173.193,0.5155000000000003,2.0,3.0,1.0,Nc1ccccc1S(=O)(=O)O
131.9,173.193,0.5155000000000003,2.0,3.0,1.0,Nc1ccccc1S(=O)(=O)O
126.1,137.138,0.967,2.0,2.0,1.0,Nc1ccccc1C(=O)O
127.3,137.138,0.967,2.0,2.0,1.0,Nc1ccc(C(=O)O)cc1
126.1,153.137,0.6726,3.0,3.0,1.0,Nc1cc(C(=O)O)ccc1O
140.0,153.137,0.6726,3.0,3.0,1.0,Nc1cc(C(=O)O)ccc1O
156.1,221.039,2.7002000000000006,1.0,2.0,2.0,COc1c(Cl)ccc(Cl)c1C(=O)O
147.7,194.186,1.5615,1.0,3.0,3.0,CCOC(=O)c1ccccc1C(=O)O
154.7,194.186,1.5615,1.0,3.0,3.0,CCOC(=O)c1ccccc1C(=O)O
120.9,154.12099999999998,0.7959999999999996,3.0,3.0,1.0,O=C(O)c1cccc(O)c1O
153.1,193.202,1.38422,2.0,2.0,3.0,Cc1ccccc1C(O)=NCC(=O)O
155.6,193.202,1.38422,2.0,2.0,3.0,Cc1ccccc1C(O)=NCC(=O)O
137.5,195.174,0.7814,3.0,3.0,3.0,O=C(O)CN=C(O)c1ccccc1O
153.9,195.174,0.7814,3.0,3.0,3.0,O=C(O)CN=C(O)c1ccccc1O
125.0,154.12099999999998,0.7959999999999996,3.0,3.0,1.0,O=C(O)c1cc(O)ccc1O
142.4,179.17499999999998,1.0758,2.0,2.0,3.0,O=C(O)CN=C(O)c1ccccc1
149.9,179.17499999999998,1.0758,2.0,2.0,3.0,O=C(O)CN=C(O)c1ccccc1
145.9,180.159,1.3101000000000005,1.0,3.0,2.0,CC(=O)Oc1ccccc1C(=O)O
167.0,308.33000000000004,2.8227,2.0,4.0,9.0,CCC(CCCC(=O)O)COC(=O)c1ccccc1C(=O)O
145.9,179.17499999999998,1.0758,2.0,2.0,3.0,O=C(O)CN=C(O)c1ccccc1
128.4,153.137,0.6726,3.0,3.0,1.0,Nc1c(O)cccc1C(=O)O
131.3,153.137,0.6726,3.0,3.0,1.0,Nc1c(O)cccc1C(=O)O
164.2,222.23999999999995,2.04,0.0,4.0,4.0,CCOC(=O)c1ccccc1C(=O)OCC
122.9,154.12099999999998,0.7959999999999996,3.0,3.0,1.0,O=C(O)c1ccc(O)c(O)c1
121.6,138.122,1.0904,2.0,2.0,1.0,O=C(O)c1ccc(O)cc1
138.3,182.22199999999995,2.917600000000001,0.0,1.0,2.0,O=C(c1ccccc1)c1ccccc1
122.3,124.13899999999998,0.8844999999999998,2.0,2.0,1.0,OCc1cccc(O)c1
161.1,326.437,6.6206000000000005,0.0,0.0,1.0,Clc1ccc(-c2ccc(Cl)c(Cl)c2Cl)cc1Cl
150.9,239.101,4.366000000000002,1.0,1.0,1.0,Oc1c(Cl)cc(-c2ccccc2)cc1Cl
159.3,273.546,5.019400000000002,1.0,1.0,1.0,Oc1ccc(-c2c(Cl)cc(Cl)cc2Cl)cc1
163.4,307.991,5.672800000000001,1.0,1.0,1.0,Oc1ccc(-c2c(Cl)c(Cl)cc(Cl)c2Cl)cc1
162.7,307.991,5.672800000000001,1.0,1.0,1.0,Oc1ccc(-c2c(Cl)cc(Cl)cc2Cl)c(Cl)c1
150.2,257.547,5.313800000000001,0.0,0.0,1.0,Clc1cc(Cl)c(-c2ccccc2)cc1Cl
169.4,342.436,6.326200000000001,1.0,1.0,1.0,Oc1ccc(-c2cc(Cl)c(Cl)c(Cl)c2Cl)cc1Cl
147.0,204.656,3.7126000000000015,1.0,1.0,1.0,Oc1ccc(-c2ccccc2)c(Cl)c1
147.8,204.656,3.7126000000000015,1.0,1.0,1.0,Oc1ccc(-c2ccc(Cl)cc2)cc1
155.1,291.992,5.967200000000001,0.0,0.0,1.0,Clc1ccc(Cl)c(-c2ccc(Cl)c(Cl)c2)c1
169.4,360.882,7.274,0.0,0.0,1.0,Clc1cc(-c2cc(Cl)c(Cl)c(Cl)c2)cc(Cl)c1Cl
149.6,257.547,5.313800000000001,0.0,0.0,1.0,Clc1cc(Cl)c(-c2ccccc2)c(Cl)c1
156.2,291.992,5.967200000000001,0.0,0.0,1.0,Clc1ccc(Cl)c(-c2cc(Cl)ccc2Cl)c1
167.7,360.882,7.274,0.0,0.0,1.0,Clc1ccc(-c2cc(Cl)c(Cl)c(Cl)c2Cl)cc1Cl
167.3,360.882,7.274,0.0,0.0,1.0,Clc1cc(Cl)c(-c2cc(Cl)c(Cl)c(Cl)c2)cc1Cl
152.6,239.101,4.366000000000002,1.0,1.0,1.0,Oc1ccc(-c2cc(Cl)ccc2Cl)cc1
154.9,239.101,4.366000000000002,1.0,1.0,1.0,Oc1cccc(-c2cc(Cl)ccc2Cl)c1
151.1,239.101,4.366000000000002,1.0,1.0,1.0,Oc1ccccc1-c1cc(Cl)ccc1Cl
158.4,273.546,5.019400000000002,1.0,1.0,1.0,Oc1ccc(-c2cc(Cl)ccc2Cl)c(Cl)c1
163.9,326.437,6.6206000000000005,0.0,0.0,1.0,Clc1ccc(-c2cc(Cl)c(Cl)c(Cl)c2)cc1Cl
160.2,326.437,6.6206000000000005,0.0,0.0,1.0,Clc1cc(Cl)c(-c2cc(Cl)ccc2Cl)c(Cl)c1
143.5,204.656,3.7126000000000015,1.0,1.0,1.0,Oc1ccc(Cl)cc1-c1ccccc1
161.6,326.437,6.6206000000000005,0.0,0.0,1.0,Clc1ccc(-c2cc(Cl)c(Cl)c(Cl)c2Cl)cc1
163.1,307.991,5.672800000000001,1.0,1.0,1.0,Oc1ccc(-c2cc(Cl)c(Cl)c(Cl)c2Cl)cc1
166.3,342.436,6.326200000000001,1.0,1.0,1.0,Oc1ccc(Cl)cc1-c1cc(Cl)c(Cl)c(Cl)c1Cl
149.2,257.547,5.313800000000001,0.0,0.0,1.0,Clc1ccc(-c2ccc(Cl)cc2Cl)cc1
158.0,291.992,5.967200000000001,0.0,0.0,1.0,Clc1ccc(-c2cc(Cl)c(Cl)c(Cl)c2)cc1
146.0,204.656,3.7126000000000015,1.0,1.0,1.0,Oc1ccc(-c2ccccc2)cc1Cl
167.4,364.9139999999999,5.646200000000001,0.0,0.0,1.0,ClC1C=C(c2ccccc2)C(Cl)(Cl)C(Cl)C1(Cl)Cl
162.0,328.453,5.554100000000001,0.0,0.0,1.0,ClC1=CC(Cl)(Cl)C(c2ccccc2)=CC1(Cl)Cl
160.1,406.899,5.766400000000001,0.0,1.0,2.0,Brc1ccc(Oc2ccccc2Br)c(Br)c1
169.7,485.795,6.528900000000001,0.0,1.0,2.0,Brc1ccc(Oc2ccc(Br)c(Br)c2)c(Br)c1
169.2,485.795,6.528900000000001,0.0,1.0,2.0,Brc1ccc(Oc2ccc(Br)cc2Br)c(Br)c1
168.6,422.898,5.472000000000001,1.0,2.0,2.0,Oc1cc(Br)ccc1Oc1ccc(Br)cc1Br
152.4,265.106,3.9470000000000014,1.0,2.0,2.0,Oc1ccccc1Oc1ccc(Br)cc1
164.0,344.002,4.709500000000001,1.0,2.0,2.0,Oc1cccc(Oc2ccc(Br)cc2Br)c1
169.3,422.898,5.472000000000001,1.0,2.0,2.0,Oc1ccc(Oc2ccc(Br)cc2Br)c(Br)c1
133.2,178.23099999999997,2.432300000000001,0.0,2.0,4.0,C=CCc1ccc(OC)c(OC)c1
138.1,178.23099999999997,2.432300000000001,0.0,2.0,4.0,C=CCc1ccc(OC)c(OC)c1
159.3,178.23099999999997,2.432300000000001,0.0,2.0,4.0,C=CCc1ccc(OC)c(OC)c1
147.8,232.205,2.812500000000001,1.0,1.0,1.0,CN(C)C(O)=Nc1cccc(C(F)(F)F)c1
151.2,232.205,2.812500000000001,1.0,1.0,1.0,CN(C)C(O)=Nc1cccc(C(F)(F)F)c1
160.2,232.205,2.812500000000001,1.0,1.0,1.0,CN(C)C(O)=Nc1cccc(C(F)(F)F)c1
149.4,233.098,3.100500000000002,1.0,1.0,1.0,CN(C)C(O)=Nc1ccc(Cl)c(Cl)c1
152.3,233.098,3.100500000000002,1.0,1.0,1.0,CN(C)C(O)=Nc1ccc(Cl)c(Cl)c1
161.7,233.098,3.100500000000002,1.0,1.0,1.0,CN(C)C(O)=Nc1ccc(Cl)c(Cl)c1
122.6,137.18200000000002,0.8934,2.0,2.0,2.0,NCCc1ccc(O)cc1
138.4,137.18200000000002,0.8934,2.0,2.0,2.0,NCCc1ccc(O)cc1
132.7,168.148,0.7248999999999997,3.0,3.0,2.0,O=C(O)Cc1cc(O)ccc1O
130.7,152.149,1.0193,2.0,2.0,2.0,O=C(O)Cc1ccccc1O
147.1,180.159,0.5883999999999999,2.0,3.0,3.0,O=C(O)C(=O)Cc1ccc(O)cc1
130.6,152.14899999999997,0.8046,2.0,2.0,2.0,O=C(O)[C@@H](O)c1ccccc1
156.3,294.0079999999999,4.987600000000001,0.0,0.0,1.0,ClC1(Cl)C=CC(c2ccccc2)=CC1(Cl)Cl
144.1,201.254,2.686400000000001,1.0,3.0,1.0,c1ccc2[nH]c(-c3cscn3)nc2c1
163.1,201.254,2.686400000000001,1.0,3.0,1.0,c1ccc2[nH]c(-c3cscn3)nc2c1
130.0,146.193,2.17974,1.0,1.0,0.0,Cc1cc2nc[nH]c2cc1C
130.4,146.193,2.17974,1.0,1.0,0.0,Cc1cc2nc[nH]c2cc1C
147.8,248.188,2.874880000000001,1.0,3.0,1.0,N#Cc1c[nH]cc1-c1cccc2c1OC(F)(F)O2
164.6,248.188,2.874880000000001,1.0,3.0,1.0,N#Cc1c[nH]cc1-c1cccc2c1OC(F)(F)O2
144.2,192.214,2.1524,0.0,3.0,3.0,C=CCc1cc(OC)c2c(c1)OCO2
140.8,192.214,2.1524,0.0,3.0,3.0,C=CCc1cc(OC)c2c(c1)OCO2
152.9,244.316,1.0012,3.0,4.0,5.0,O=C(O)CCCC[C@@H]1SC[C@@H]2N=C(O)N[C@@H]21
160.6,244.316,1.0012,3.0,4.0,5.0,O=C(O)CCCC[C@@H]1SC[C@@H]2N=C(O)N[C@@H]21
157.1,244.316,1.0012,3.0,4.0,5.0,O=C(O)CCCC[C@@H]1SC[C@@H]2N=C(O)N[C@@H]21
151.4,244.316,1.0012,3.0,4.0,5.0,O=C(O)CCCC[C@@H]1SC[C@@H]2N=C(O)N[C@@H]21
161.6,244.316,1.0012,3.0,4.0,5.0,O=C(O)CCCC[C@@H]1SC[C@@H]2N=C(O)N[C@@H]21
128.4,130.19100000000003,0.7017,2.0,2.0,4.0,CC(O)=NCCCCN
134.3,130.19100000000003,0.7017,2.0,2.0,4.0,CC(O)=NCCCCN
120.9,280.042,2.4708,1.0,2.0,3.0,O=C(O)C(F)(OC(F)(F)C(F)(F)F)C(F)(F)F
146.7,378.0460000000001,2.9009,1.0,5.0,8.0,O=C(O)C(F)(F)OC(F)(F)OC(F)(F)OC(F)(F)OC(F)(F)F
127.5,330.049,3.1061,1.0,2.0,4.0,O=C(O)C(F)(OC(F)(F)C(F)(F)C(F)(F)F)C(F)(F)F
152.6,428.072,4.011100000000001,1.0,3.0,7.0,O=C(O)C(F)(F)C(F)(F)OC(F)(C(F)(F)F)C(F)(F)OC(F)C(F)(F)F
151.6,428.072,4.011100000000001,1.0,3.0,7.0,O=C(O)C(F)(F)C(F)(F)OC(F)(C(F)(F)F)C(F)(F)OC(F)C(F)(F)F
130.7,131.131,-0.621,2.0,3.0,4.0,NCC(=O)CCC(=O)O
161.4,246.266,2.14,3.0,2.0,4.0,CC(O)=N[C@H](Cc1c[nH]c2ccccc12)C(=O)O
154.7,246.266,2.14,3.0,2.0,4.0,CC(O)=N[C@H](Cc1c[nH]c2ccccc12)C(=O)O
161.7,246.266,2.14,3.0,2.0,4.0,CC(O)=N[C@H](Cc1c[nH]c2ccccc12)C(=O)O
128.6,169.07299999999995,-1.2042,4.0,3.0,4.0,O=C(O)CNCP(=O)(O)O
140.3,169.07299999999995,-1.2042,4.0,3.0,4.0,O=C(O)CNCP(=O)(O)O
121.1,117.148,-1.5574999999999983,0.0,2.0,2.0,C[N+](C)(C)CC(=O)[O-]
130.4,117.148,-1.5574999999999983,0.0,2.0,2.0,C[N+](C)(C)CC(=O)[O-]
121.1,117.148,-1.5574999999999983,0.0,2.0,2.0,C[N+](C)(C)CC(=O)[O-]
133.8,117.148,-1.5574999999999983,0.0,2.0,2.0,C[N+](C)(C)CC(=O)[O-]
142.7,191.252,1.1690999999999998,2.0,3.0,5.0,CSCC[C@H](N=C(C)O)C(=O)O
150.2,191.252,1.1690999999999998,2.0,3.0,5.0,CSCC[C@H](N=C(C)O)C(=O)O
123.1,103.121,-0.3674,1.0,2.0,2.0,CN(C)CC(=O)O
140.7,173.212,1.4621000000000002,2.0,2.0,4.0,CC(O)=N[C@@H](CC(C)C)C(=O)O
150.1,173.212,1.4621000000000002,2.0,2.0,4.0,CC(O)=N[C@@H](CC(C)C)C(=O)O
143.5,189.167,0.2808,3.0,3.0,5.0,CC(O)=N[C@@H](CCC(=O)O)C(=O)O
137.0,189.167,0.2808,3.0,3.0,5.0,CC(O)=N[C@@H](CCC(=O)O)C(=O)O
142.5,189.167,0.2808,3.0,3.0,5.0,CC(O)=N[C@@H](CCC(=O)O)C(=O)O
148.1,202.25800000000004,-0.7355299999999974,4.0,3.0,5.0,CN(C)C(=N)NCCC[C@H](N)C(=O)O
124.7,117.148,-0.1017,1.0,3.0,3.0,COC(=O)CCCN
134.2,162.18900000000002,-1.501899999999999,4.0,4.0,5.0,NCC(O)CCC(N)C(=O)O
135.0,162.18900000000002,-1.501899999999999,4.0,4.0,5.0,NCC(O)CCC(N)C(=O)O
137.7,162.18900000000002,-1.501899999999999,4.0,4.0,5.0,NCC(O)CCC(N)C(=O)O
124.2,103.121,-0.3342000000000001,2.0,2.0,2.0,CC(CN)C(=O)O
150.0,196.108,-0.0410000000000001,2.0,2.0,4.0,C[Se]CC[C@H](N)C(=O)O
135.4,196.108,-0.0410000000000001,2.0,2.0,4.0,C[Se]CC[C@H](N)C(=O)O
138.2,196.108,-0.0410000000000001,2.0,2.0,4.0,C[Se]CC[C@H](N)C(=O)O
125.8,115.132,-0.1769999999999998,2.0,2.0,1.0,O=C(O)[C@@H]1CCCN1
125.1,115.132,-0.1769999999999998,2.0,2.0,1.0,O=C(O)[C@@H]1CCCN1
125.4,115.132,-0.1769999999999998,2.0,2.0,1.0,O=C(O)[C@@H]1CCCN1
145.9,219.193,-0.803599999999999,3.0,5.0,7.0,N[C@@H](CCOC(=O)CCC(=O)O)C(=O)O
146.2,219.193,-0.803599999999999,3.0,5.0,7.0,N[C@@H](CCOC(=O)CCC(=O)O)C(=O)O
146.0,219.193,-0.803599999999999,3.0,5.0,7.0,N[C@@H](CCOC(=O)CCC(=O)O)C(=O)O
133.6,131.175,0.4443999999999999,2.0,2.0,3.0,CC[C@@H](C)[C@H](N)C(=O)O
133.4,131.175,0.4443999999999999,2.0,2.0,3.0,CC[C@@H](C)[C@H](N)C(=O)O
133.5,131.175,0.4443999999999999,2.0,2.0,3.0,CC[C@H](C)[C@@H](N)C(=O)O
132.7,131.175,0.4443999999999999,2.0,2.0,3.0,CC[C@H](C)[C@@H](N)C(=O)O
140.7,145.15800000000002,0.6835000000000001,2.0,2.0,3.0,CC(C)C(O)=NCC(=O)O
136.4,180.229,-0.5350299999999992,3.0,4.0,4.0,CS(=N)(=O)CC[C@H](N)C(=O)O
137.0,180.229,-0.5350299999999992,3.0,4.0,4.0,CS(=N)(=O)CC[C@H](N)C(=O)O
138.2,180.229,-0.5350299999999992,3.0,4.0,4.0,CS(=N)(=O)CC[C@H](N)C(=O)O
128.7,132.16300000000004,-0.8627999999999991,3.0,3.0,4.0,NCCC[C@@H](N)C(=O)O
127.9,132.16300000000004,-0.8627999999999991,3.0,3.0,4.0,NCCC[C@@H](N)C(=O)O
120.1,133.103,-1.1269999999999998,3.0,3.0,3.0,N[C@H](CC(=O)O)C(=O)O
140.9,185.07199999999995,-1.4923999999999995,4.0,4.0,4.0,N[C@@H](COP(=O)(O)O)C(=O)O
159.4,432.983,1.5558,3.0,3.0,3.0,NC(Cc1cc(I)c(O)c(I)c1)C(=O)O
165.2,432.983,1.5558,3.0,3.0,3.0,NC(Cc1cc(I)c(O)c(I)c1)C(=O)O
142.9,210.106,-2.1844299999999985,3.0,5.0,3.0,CN(CC(=O)OP(=O)([O-])O)C(=N)N
144.8,210.106,-2.1844299999999985,3.0,5.0,3.0,CN(CC(=O)OP(=O)([O-])O)C(=N)N
145.1,188.227,0.5449999999999999,3.0,3.0,6.0,CC(O)=N[C@@H](CCCCN)C(=O)O
145.6,188.227,0.5449999999999999,3.0,3.0,6.0,CC(O)=N[C@@H](CCCCN)C(=O)O
144.5,188.227,0.5449999999999999,3.0,3.0,6.0,CC(O)=N[C@@H](CCCCN)C(=O)O
147.1,207.229,1.6587,2.0,2.0,4.0,CC(O)=N[C@@H](Cc1ccccc1)C(=O)O
149.6,207.229,1.6587,2.0,2.0,4.0,CC(O)=N[C@@H](Cc1ccccc1)C(=O)O
133.4,153.15899999999996,-1.379999999999999,3.0,3.0,3.0,NC(CS(=O)O)C(=O)O
130.5,131.175,0.4443999999999999,2.0,2.0,1.0,CC(C)(C)[C@H](N)C(=O)O
133.0,131.175,0.4443999999999999,2.0,2.0,1.0,CC(C)(C)[C@H](N)C(=O)O
135.6,101.105,-0.4377,2.0,2.0,1.0,NC1(C(=O)O)CC1
144.4,202.25800000000004,-0.7355299999999974,4.0,3.0,5.0,CN(C)C(=N)NCCC[C@H](N)C(=O)O
158.1,202.25800000000004,-0.7355299999999974,4.0,3.0,5.0,CN(C)C(=N)NCCC[C@H](N)C(=O)O
131.7,169.158,-1.7138999999999989,3.0,4.0,3.0,N[C@@H](CS(=O)(=O)O)C(=O)O
123.3,169.158,-1.7138999999999989,3.0,4.0,3.0,N[C@@H](CS(=O)(=O)O)C(=O)O
140.3,169.158,-1.7138999999999989,3.0,4.0,3.0,N[C@@H](CS(=O)(=O)O)C(=O)O
168.0,302.331,0.4532000000000025,5.0,5.0,7.0,C[C@H](N)C(O)=N[C@@H](C)C(O)=N[C@@H](C)C(O)=N[C@@H](C)C(=O)O
166.0,302.331,0.4532000000000025,5.0,5.0,7.0,C[C@H](N)C(O)=N[C@@H](C)C(O)=N[C@@H](C)C(O)=N[C@@H](C)C(=O)O
124.6,131.131,-1.2061999999999995,3.0,3.0,1.0,O=C(O)[C@H]1C[C@@H](O)CN1
128.4,131.131,-1.2061999999999995,3.0,3.0,1.0,O=C(O)[C@H]1C[C@@H](O)CN1
130.6,131.131,-1.2061999999999995,3.0,3.0,1.0,O=C(O)[C@H]1C[C@@H](O)CN1
133.0,131.175,0.4443999999999999,2.0,2.0,1.0,CC(C)(C)[C@@H](N)C(=O)O
131.4,131.175,0.4443999999999999,2.0,2.0,1.0,CC(C)(C)[C@@H](N)C(=O)O
168.6,264.281,1.95427,4.0,3.0,7.0,N=C(O)CC[C@H](N=C(O)Cc1ccccc1)C(=O)O
159.9,264.281,1.95427,4.0,3.0,7.0,N=C(O)CC[C@H](N=C(O)Cc1ccccc1)C(=O)O
155.1,338.983,1.8716,3.0,3.0,3.0,N[C@@H](Cc1cc(Br)c(O)c(Br)c1)C(=O)O
167.5,338.983,1.8716,3.0,3.0,3.0,N[C@@H](Cc1cc(Br)c(O)c(Br)c1)C(=O)O
161.7,338.983,1.8716,3.0,3.0,3.0,N[C@@H](Cc1cc(Br)c(O)c(Br)c1)C(=O)O
150.8,211.217,0.3551999999999998,3.0,4.0,4.0,COc1cc(CC(N)C(=O)O)ccc1O
148.2,211.217,0.3551999999999998,3.0,4.0,4.0,COc1cc(CC(N)C(=O)O)ccc1O
153.4,211.217,0.3551999999999998,3.0,4.0,4.0,COc1cc(CC(N)C(=O)O)ccc1O
150.4,211.217,0.3551999999999998,3.0,4.0,4.0,COc1cc(CC(N)C(=O)O)ccc1O
131.2,145.158,0.8275999999999999,2.0,2.0,4.0,CC(O)=NCCCC(=O)O
135.7,145.158,0.8275999999999999,2.0,2.0,4.0,CC(O)=NCCCC(=O)O
138.7,129.159,0.2131,2.0,2.0,1.0,O=C(O)[C@@H]1CCCCN1
128.9,129.159,0.2131,2.0,2.0,1.0,O=C(O)[C@@H]1CCCCN1
127.9,129.159,0.2131,2.0,2.0,1.0,O=C(O)[C@@H]1CCCCN1
128.1,132.16300000000004,-0.8627999999999991,3.0,3.0,4.0,NCCCC(N)C(=O)O
136.3,132.16300000000004,-0.8627999999999991,3.0,3.0,4.0,NCCCC(N)C(=O)O
127.6,131.175,0.4443999999999999,2.0,2.0,3.0,CC[C@@H](C)[C@@H](N)C(=O)O
132.0,131.175,0.4443999999999999,2.0,2.0,3.0,CC[C@@H](C)[C@@H](N)C(=O)O
132.2,131.175,0.5884999999999998,2.0,2.0,4.0,CCCC[C@H](N)C(=O)O
136.4,131.175,0.5884999999999998,2.0,2.0,4.0,CCCC[C@H](N)C(=O)O
127.9,131.175,0.4443999999999999,2.0,2.0,3.0,CC(C)C[C@@H](N)C(=O)O
133.4,131.175,0.4443999999999999,2.0,2.0,3.0,CC(C)C[C@@H](N)C(=O)O
134.8,131.175,0.4443999999999999,2.0,2.0,3.0,CC(C)CC(N)C(=O)O
131.1,131.175,0.4443999999999999,2.0,2.0,3.0,CC(C)CC(N)C(=O)O
127.9,131.175,0.1110999999999999,0.0,3.0,3.0,CCOC(=O)CN(C)C
133.6,169.184,-0.6255000000000002,2.0,4.0,3.0,Cn1cnc(C[C@H](N)C(=O)O)c1
138.6,169.184,-0.6255000000000002,2.0,4.0,3.0,Cn1cnc(C[C@H](N)C(=O)O)c1
134.4,117.108,-1.4459299999999995,4.0,2.0,2.0,N=C(N)NCC(=O)O
125.4,117.108,-1.4459299999999995,4.0,2.0,2.0,N=C(N)NCC(=O)O
142.4,157.169,0.9937,2.0,2.0,3.0,C/C=C(\C)C(O)=NCC(=O)O
145.8,157.169,0.9937,2.0,2.0,3.0,C/C=C(\C)C(O)=NCC(=O)O
132.6,161.15699999999998,-0.4762,3.0,3.0,5.0,CN[C@@H](CCC(=O)O)C(=O)O
136.1,195.171,-3.526699999999999,6.0,6.0,5.0,N[C@@H](C(=O)O)[C@@H](O)[C@H](O)[C@H](O)CO
141.8,195.171,-3.526699999999999,6.0,6.0,5.0,N[C@@H](C(=O)O)[C@@H](O)[C@H](O)[C@H](O)CO
146.6,195.171,-3.526699999999999,6.0,6.0,5.0,N[C@@H](C(=O)O)[C@@H](O)[C@H](O)[C@H](O)CO
141.1,169.184,-0.6255000000000002,2.0,4.0,3.0,Cn1cncc1C[C@H](N)C(=O)O
135.7,169.184,-0.6255000000000002,2.0,4.0,3.0,Cn1cncc1C[C@H](N)C(=O)O
135.5,175.18800000000002,-0.7391299999999985,5.0,3.0,5.0,N=C(O)NCCC[C@H](N)C(=O)O
137.7,175.18800000000002,-0.7391299999999985,5.0,3.0,5.0,N=C(O)NCCC[C@H](N)C(=O)O
139.2,175.18800000000002,-0.7391299999999985,5.0,3.0,5.0,N=C(O)NCCC[C@H](N)C(=O)O
137.4,174.156,0.3413699999999998,4.0,3.0,4.0,CC(O)=N[C@@H](CC(=N)O)C(=O)O
124.6,129.115,0.1898999999999998,2.0,2.0,1.0,O=C(O)[C@H]1CCC(O)=N1
130.4,129.115,0.1898999999999998,2.0,2.0,1.0,O=C(O)[C@H]1CCC(O)=N1
135.3,185.07199999999995,-1.4923999999999995,4.0,4.0,4.0,N[C@@H](COP(=O)(O)O)C(=O)O
127.8,185.07199999999995,-1.4923999999999995,4.0,4.0,4.0,N[C@@H](COP(=O)(O)O)C(=O)O
136.3,177.225,0.7789999999999999,2.0,3.0,5.0,CSCC[C@H](N=CO)C(=O)O
145.5,177.225,0.7789999999999999,2.0,3.0,5.0,CSCC[C@H](N=CO)C(=O)O
130.2,135.18800000000002,-0.2817999999999998,3.0,3.0,3.0,NC(CCS)C(=O)O
127.9,135.18800000000002,-0.2817999999999998,3.0,3.0,3.0,NC(CCS)C(=O)O
143.8,135.18800000000002,-0.2817999999999998,3.0,3.0,3.0,NC(CCS)C(=O)O
130.2,135.18800000000002,-0.2817999999999998,3.0,3.0,3.0,NC(CCS)C(=O)O
154.3,268.36,-0.0281999999999985,4.0,6.0,9.0,NC(CCSSCCC(N)C(=O)O)C(=O)O
151.7,268.36,-0.0281999999999985,4.0,6.0,9.0,NC(CCSSCCC(N)C(=O)O)C(=O)O
157.7,268.36,-0.0281999999999985,4.0,6.0,9.0,NC(CCSSCCC(N)C(=O)O)C(=O)O
158.5,268.36,-0.0281999999999985,4.0,6.0,9.0,NC(CCSSCCC(N)C(=O)O)C(=O)O
129.9,145.162,-0.6657299999999995,4.0,2.0,4.0,N=C(N)NCCCC(=O)O
163.8,289.288,-0.0452999999999982,5.0,5.0,9.0,CC[C@H](N=C(O)CC[C@H](N)C(=O)O)C(O)=NCC(=O)O
160.8,289.288,-0.0452999999999982,5.0,5.0,9.0,CC[C@H](N=C(O)CC[C@H](N)C(=O)O)C(O)=NCC(=O)O
164.5,289.288,-0.0452999999999982,5.0,5.0,9.0,CC[C@H](N=C(O)CC[C@H](N)C(=O)O)C(O)=NCC(=O)O
163.5,289.288,-0.0452999999999982,5.0,5.0,9.0,CC[C@H](N=C(O)CC[C@H](N)C(=O)O)C(O)=NCC(=O)O
126.7,131.131,-1.2061999999999995,3.0,3.0,1.0,O=C(O)[C@@H]1C[C@@H](O)CN1
139.4,131.131,-1.2061999999999995,3.0,3.0,1.0,O=C(O)[C@@H]1C[C@@H](O)CN1
127.9,131.131,-1.2061999999999995,3.0,3.0,1.0,O=C(O)[C@@H]1C[C@@H](O)CN1
144.0,121.161,-0.6718999999999997,3.0,3.0,2.0,N[C@@H](CS)C(=O)O
148.6,121.161,-0.6718999999999997,3.0,3.0,2.0,N[C@@H](CS)C(=O)O
150.4,121.161,-0.6718999999999997,3.0,3.0,2.0,N[C@@H](CS)C(=O)O
143.9,222.266,-1.0664999999999978,4.0,5.0,7.0,NC(CCSCC(N)C(=O)O)C(=O)O
129.3,129.159,0.2131,2.0,2.0,1.0,O=C(O)C1CCCCN1
127.4,129.159,0.2131,2.0,2.0,1.0,O=C(O)C1CCCCN1
139.0,129.159,0.2131,2.0,2.0,1.0,O=C(O)C1CCCCN1
134.3,161.157,-0.3467999999999996,3.0,3.0,5.0,N[C@@H](CCCC(=O)O)C(=O)O
130.8,161.157,-0.3467999999999996,3.0,3.0,5.0,N[C@@H](CCCC(=O)O)C(=O)O
135.0,161.157,-0.3467999999999996,3.0,3.0,5.0,N[C@@H](CCCC(=O)O)C(=O)O
140.1,161.157,-0.3467999999999996,3.0,3.0,5.0,N[C@@H](CCCC(=O)O)C(=O)O
132.3,117.10399999999996,0.0473999999999997,2.0,2.0,2.0,CC(O)=NCC(=O)O
138.1,104.10899999999998,-1.6429999999999998,3.0,3.0,2.0,NCC(N)C(=O)O
141.8,189.279,0.2748000000000006,2.0,2.0,6.0,C[N+](C)(C)CCCCC(N)C(=O)O
136.2,105.09299999999998,-1.6093999999999995,3.0,3.0,2.0,N[C@@H](CO)C(=O)O
120.1,133.103,-1.1269999999999998,3.0,3.0,3.0,N[C@@H](CC(=O)O)C(=O)O
137.2,146.14600000000002,-0.2862299999999998,4.0,3.0,4.0,N=C(O)CC[C@H](N)C(=O)O
127.7,146.14600000000002,-0.2862299999999998,4.0,3.0,4.0,N=C(O)CC[C@H](N)C(=O)O
130.9,146.14600000000002,-0.2862299999999998,4.0,3.0,4.0,N=C(O)CC[C@H](N)C(=O)O
125.1,147.13,-0.7368999999999999,3.0,3.0,4.0,N[C@@H](CCC(=O)O)C(=O)O
142.4,147.13,-0.7368999999999999,3.0,3.0,4.0,N[C@@H](CCC(=O)O)C(=O)O
132.0,147.13,-0.7368999999999999,3.0,3.0,4.0,N[C@@H](CCC(=O)O)C(=O)O
149.3,147.13,-0.7368999999999999,3.0,3.0,4.0,N[C@@H](CCC(=O)O)C(=O)O
125.2,147.13,-0.7368999999999999,3.0,3.0,4.0,N[C@@H](CCC(=O)O)C(=O)O
130.9,147.13,-0.7368999999999999,3.0,3.0,4.0,N[C@@H](CCC(=O)O)C(=O)O
131.5,146.19000000000003,-0.4726999999999988,3.0,3.0,5.0,NCCCC[C@H](N)C(=O)O
135.2,146.19000000000003,-0.4726999999999988,3.0,3.0,5.0,NCCCC[C@H](N)C(=O)O
135.9,146.19000000000003,-0.4726999999999988,3.0,3.0,5.0,NCCCC[C@H](N)C(=O)O
131.1,146.19000000000003,-0.4726999999999988,3.0,3.0,5.0,NCCCC[C@H](N)C(=O)O
144.8,222.266,-1.0664999999999978,4.0,5.0,7.0,N[C@@H](CCSC[C@H](N)C(=O)O)C(=O)O
142.1,222.266,-1.0664999999999978,4.0,5.0,7.0,N[C@@H](CCSC[C@H](N)C(=O)O)C(=O)O
147.4,222.266,-1.0664999999999978,4.0,5.0,7.0,N[C@@H](CCSC[C@H](N)C(=O)O)C(=O)O
147.2,222.266,-1.0664999999999978,4.0,5.0,7.0,N[C@@H](CCSC[C@H](N)C(=O)O)C(=O)O
144.0,240.30600000000004,-0.808399999999998,4.0,6.0,7.0,N[C@@H](CSSC[C@H](N)C(=O)O)C(=O)O
149.8,240.30600000000004,-0.808399999999998,4.0,6.0,7.0,N[C@@H](CSSC[C@H](N)C(=O)O)C(=O)O
151.5,240.30600000000004,-0.808399999999998,4.0,6.0,7.0,N[C@@H](CSSC[C@H](N)C(=O)O)C(=O)O
147.3,240.30600000000004,-0.808399999999998,4.0,6.0,7.0,N[C@@H](CSSC[C@H](N)C(=O)O)C(=O)O
143.3,240.30600000000004,-0.808399999999998,4.0,6.0,7.0,N[C@@H](CSSC[C@H](N)C(=O)O)C(=O)O
149.1,240.30600000000004,-0.808399999999998,4.0,6.0,7.0,N[C@@H](CSSC[C@H](N)C(=O)O)C(=O)O
151.1,240.30600000000004,-0.808399999999998,4.0,6.0,7.0,N[C@@H](CSSC[C@H](N)C(=O)O)C(=O)O
126.0,131.13500000000002,-1.1037299999999997,3.0,2.0,2.0,CN(CC(=O)O)C(=N)N
140.3,190.199,-1.019499999999998,4.0,4.0,6.0,N[C@@H](CCC[C@H](N)C(=O)O)C(=O)O
146.3,190.199,-1.019499999999998,4.0,4.0,6.0,N[C@@H](CCC[C@H](N)C(=O)O)C(=O)O
145.2,190.199,-1.019499999999998,4.0,4.0,6.0,N[C@@H](CCC[C@H](N)C(=O)O)C(=O)O
138.2,190.199,-1.019499999999998,4.0,4.0,6.0,N[C@@H](CCC[C@H](N)C(=O)O)C(=O)O
141.4,190.199,-1.019499999999998,4.0,4.0,6.0,N[C@@H](CCC[C@H](N)C(=O)O)C(=O)O
125.5,158.113,-0.2861999999999998,3.0,3.0,1.0,O=C(O)[C@@H]1CC(O)=NC(O)=N1
141.6,197.19,0.0521999999999998,4.0,4.0,3.0,N[C@@H](Cc1ccc(O)c(O)c1)C(=O)O
149.3,197.19,0.0521999999999998,4.0,4.0,3.0,N[C@@H](Cc1ccc(O)c(O)c1)C(=O)O
142.2,197.19,0.0521999999999998,4.0,4.0,3.0,N[C@@H](Cc1ccc(O)c(O)c1)C(=O)O
148.5,197.19,0.0521999999999998,4.0,4.0,3.0,N[C@@H](Cc1ccc(O)c(O)c1)C(=O)O
145.0,181.191,0.3466,3.0,3.0,3.0,N[C@@H](Cc1ccc(O)cc1)C(=O)O
146.0,181.191,0.3466,3.0,3.0,3.0,N[C@@H](Cc1ccc(O)cc1)C(=O)O
144.5,181.191,0.3466,3.0,3.0,3.0,N[C@@H](Cc1ccc(O)cc1)C(=O)O
145.5,181.191,0.3466,3.0,3.0,3.0,N[C@@H](Cc1ccc(O)cc1)C(=O)O
143.2,181.191,0.3466,3.0,3.0,3.0,N[C@@H](Cc1ccc(O)cc1)C(=O)O
123.4,113.12,-0.1769299999999998,2.0,1.0,0.0,CN1CC(O)=NC1=N
132.8,113.12,-0.1769299999999998,2.0,1.0,0.0,CN1CC(O)=NC1=N
123.3,113.12,-0.1769299999999998,2.0,1.0,0.0,CN1CC(O)=NC1=N
132.9,113.12,-0.1769299999999998,2.0,1.0,0.0,CN1CC(O)=NC1=N
147.0,175.144,-1.6026299999999996,5.0,3.0,4.0,N=C(N)N[C@@H](CC(=O)O)C(=O)O
130.4,175.144,-1.6026299999999996,5.0,3.0,4.0,N=C(N)N[C@@H](CC(=O)O)C(=O)O
136.9,175.144,-1.6026299999999996,5.0,3.0,4.0,N=C(N)N[C@@H](CC(=O)O)C(=O)O
148.5,175.144,-1.6026299999999996,5.0,3.0,4.0,N=C(N)N[C@@H](CC(=O)O)C(=O)O
140.9,163.198,0.3457999999999999,3.0,3.0,3.0,CC(O)=N[C@@H](CS)C(=O)O
132.5,131.175,0.4443999999999999,2.0,2.0,3.0,CC(C)C[C@H](N)C(=O)O
131.8,131.175,0.4443999999999999,2.0,2.0,3.0,CC(C)C[C@H](N)C(=O)O
135.1,131.175,0.4443999999999999,2.0,2.0,3.0,CC(C)C[C@H](N)C(=O)O
134.7,131.175,0.4443999999999999,2.0,2.0,3.0,CC(C)C[C@H](N)C(=O)O
129.0,103.121,-0.1916999999999999,2.0,2.0,1.0,CC(C)(N)C(=O)O
123.9,103.121,-0.1916999999999999,2.0,2.0,1.0,CC(C)(N)C(=O)O
133.6,149.215,0.1514000000000002,2.0,3.0,4.0,CSCC[C@H](N)C(=O)O
140.5,149.215,0.1514000000000002,2.0,3.0,4.0,CSCC[C@H](N)C(=O)O
132.9,149.215,0.1514000000000002,2.0,3.0,4.0,CSCC[C@H](N)C(=O)O
136.9,179.197,-0.7838999999999987,3.0,4.0,5.0,N[C@@H](CSCC(=O)O)C(=O)O
130.0,179.197,-0.7838999999999987,3.0,4.0,5.0,N[C@@H](CSCC(=O)O)C(=O)O
137.1,179.197,-0.7838999999999987,3.0,4.0,5.0,N[C@@H](CSCC(=O)O)C(=O)O
138.1,179.197,-0.7838999999999987,3.0,4.0,5.0,N[C@@H](CSCC(=O)O)C(=O)O
124.5,147.13,-0.8662999999999996,3.0,3.0,4.0,CN[C@H](CC(=O)O)C(=O)O
130.1,147.13,-0.8662999999999996,3.0,3.0,4.0,CN[C@H](CC(=O)O)C(=O)O
134.8,147.13,-0.8662999999999996,3.0,3.0,4.0,CN[C@H](CC(=O)O)C(=O)O
140.6,165.19199999999998,0.641,2.0,2.0,3.0,N[C@@H](Cc1ccccc1)C(=O)O
140.8,165.19199999999998,0.641,2.0,2.0,3.0,N[C@@H](Cc1ccccc1)C(=O)O
140.1,165.19199999999998,0.641,2.0,2.0,3.0,N[C@@H](Cc1ccccc1)C(=O)O
140.1,165.19199999999998,0.641,2.0,2.0,3.0,N[C@@H](Cc1ccccc1)C(=O)O
138.2,165.19199999999998,0.641,2.0,2.0,3.0,N[C@@H](Cc1ccccc1)C(=O)O
142.5,117.148,0.1983999999999999,2.0,2.0,3.0,CCC[C@H](N)C(=O)O
120.9,117.148,0.1983999999999999,2.0,2.0,3.0,CCC[C@H](N)C(=O)O
133.0,117.148,0.1983999999999999,2.0,2.0,3.0,CCC[C@H](N)C(=O)O
130.5,147.13,-1.0385999999999993,2.0,4.0,3.0,CC(=O)OC[C@H](N)C(=O)O
120.8,119.12,-1.2192999999999998,3.0,3.0,3.0,N[C@@H](CCO)C(=O)O
126.1,119.12,-1.2192999999999998,3.0,3.0,3.0,N[C@@H](CCO)C(=O)O
137.4,161.15699999999998,-0.4762,3.0,3.0,5.0,CN[C@@H](CCC(=O)O)C(=O)O
124.5,161.15699999999998,-0.4762,3.0,3.0,5.0,CN[C@@H](CCC(=O)O)C(=O)O
134.1,156.16099999999997,-1.2527999999999997,0.0,3.0,1.0,CC(=O)N1CCCC1C(=O)[O-]
140.5,156.16099999999997,-1.2527999999999997,0.0,3.0,1.0,CC(=O)N1CCCC1C(=O)[O-]
164.8,307.328,-0.5254999999999972,6.0,6.0,9.0,N[C@@H](CCC(O)=N[C@@H](CS)C(O)=NCC(=O)O)C(=O)O
167.9,307.328,-0.5254999999999972,6.0,6.0,9.0,N[C@@H](CCC(O)=N[C@@H](CS)C(O)=NCC(=O)O)C(=O)O
162.8,307.328,-0.5254999999999972,6.0,6.0,9.0,N[C@@H](CCC(O)=N[C@@H](CS)C(O)=NCC(=O)O)C(=O)O
167.1,307.328,-0.5254999999999972,6.0,6.0,9.0,N[C@@H](CCC(O)=N[C@@H](CS)C(O)=NCC(=O)O)C(=O)O
130.7,132.119,-0.6763299999999994,4.0,3.0,3.0,N=C(O)C[C@H](N)C(=O)O
124.2,132.119,-0.6763299999999994,4.0,3.0,3.0,N=C(O)C[C@H](N)C(=O)O
129.3,132.119,-0.6763299999999994,4.0,3.0,3.0,N=C(O)C[C@H](N)C(=O)O
129.4,155.157,-0.6359000000000004,3.0,3.0,3.0,N[C@@H](Cc1cnc[nH]1)C(=O)O
132.3,155.157,-0.6359000000000004,3.0,3.0,3.0,N[C@@H](Cc1cnc[nH]1)C(=O)O
134.9,155.157,-0.6359000000000004,3.0,3.0,3.0,N[C@@H](Cc1cnc[nH]1)C(=O)O
128.9,155.157,-0.6359000000000004,3.0,3.0,3.0,N[C@@H](Cc1cnc[nH]1)C(=O)O
131.9,155.157,-0.6359000000000004,3.0,3.0,3.0,N[C@@H](Cc1cnc[nH]1)C(=O)O
134.7,155.157,-0.6359000000000004,3.0,3.0,3.0,N[C@@H](Cc1cnc[nH]1)C(=O)O
142.9,211.114,-1.3801299999999994,5.0,3.0,3.0,CN(CC(=O)O)C(=N)NP(=O)(O)O
144.8,211.114,-1.3801299999999994,5.0,3.0,3.0,CN(CC(=O)O)C(=N)NP(=O)(O)O
124.9,117.148,0.0543,2.0,2.0,2.0,CC(C)[C@H](N)C(=O)O
120.8,117.148,0.0543,2.0,2.0,2.0,CC(C)[C@H](N)C(=O)O
133.1,117.148,0.0543,2.0,2.0,2.0,CC(C)[C@H](N)C(=O)O
129.2,119.12,-1.2208999999999997,3.0,3.0,2.0,C[C@@H](O)[C@H](N)C(=O)O
127.3,119.12,-1.2208999999999997,3.0,3.0,2.0,C[C@@H](O)[C@H](N)C(=O)O
130.6,131.175,0.4443999999999999,2.0,2.0,3.0,CC[C@H](C)[C@H](N)C(=O)O
133.3,131.175,0.4443999999999999,2.0,2.0,3.0,CC[C@H](C)[C@H](N)C(=O)O
132.4,131.175,0.4443999999999999,2.0,2.0,3.0,CC[C@H](C)[C@H](N)C(=O)O
134.3,131.175,0.4443999999999999,2.0,2.0,3.0,CC[C@H](C)[C@H](N)C(=O)O
131.0,151.129,-0.5289300000000001,4.0,4.0,0.0,N=c1nc(O)c2nc[nH]c2[nH]1
137.6,174.20400000000004,-1.338429999999999,5.0,3.0,5.0,N=C(N)NCCC[C@H](N)C(=O)O
137.2,174.20400000000004,-1.338429999999999,5.0,3.0,5.0,N=C(N)NCCC[C@H](N)C(=O)O
136.6,174.20400000000004,-1.338429999999999,5.0,3.0,5.0,N=C(N)NCCC[C@H](N)C(=O)O
136.3,174.20400000000004,-1.338429999999999,5.0,3.0,5.0,N=C(N)NCCC[C@H](N)C(=O)O
147.9,174.20400000000004,-1.338429999999999,5.0,3.0,5.0,N=C(N)NCCC[C@H](N)C(=O)O
135.4,181.128,-0.3113999999999996,3.0,3.0,4.0,CP(=O)(O)CCC(N)C(=O)O
139.3,181.128,-0.3113999999999996,3.0,3.0,4.0,CP(=O)(O)CCC(N)C(=O)O
141.8,181.128,-0.3113999999999996,3.0,3.0,4.0,CP(=O)(O)CCC(N)C(=O)O
164.4,261.281,1.0709000000000002,2.0,4.0,3.0,CC(C)C1(C)NC(c2ncccc2C(=O)O)=NC1=O
156.8,261.281,1.0709000000000002,2.0,4.0,3.0,CC(C)C1(C)NC(c2ncccc2C(=O)O)=NC1=O
158.6,246.266,2.14,3.0,2.0,4.0,CC(O)=NC(Cc1c[nH]c2ccccc12)C(=O)O
153.4,246.266,2.14,3.0,2.0,4.0,CC(O)=NC(Cc1c[nH]c2ccccc12)C(=O)O
158.1,246.266,2.14,3.0,2.0,4.0,CC(O)=NC(Cc1c[nH]c2ccccc12)C(=O)O
126.6,294.307,0.5292000000000001,3.0,5.0,7.0,COC(=O)[C@H](Cc1ccccc1)N=C(O)[C@@H](N)CC(=O)O
127.4,294.307,0.5292000000000001,3.0,5.0,7.0,COC(=O)[C@H](Cc1ccccc1)N=C(O)[C@@H](N)CC(=O)O
127.5,147.13,-0.5916999999999999,3.0,3.0,3.0,CC(O)=NC(CO)C(=O)O
133.4,147.13,-0.5916999999999999,3.0,3.0,3.0,CC(O)=NC(CO)C(=O)O
134.7,131.131,0.4358999999999998,2.0,2.0,2.0,CC(O)=N[C@@H](C)C(=O)O
124.6,129.115,0.1898999999999998,2.0,2.0,1.0,O=C(O)[C@@H]1CCC(O)=N1
130.6,129.115,0.1898999999999998,2.0,2.0,1.0,O=C(O)[C@@H]1CCC(O)=N1
131.3,175.14,-0.1092999999999998,3.0,3.0,4.0,CC(O)=N[C@@H](CC(=O)O)C(=O)O
139.3,175.14,-0.1092999999999998,3.0,3.0,4.0,CC(O)=N[C@@H](CC(=O)O)C(=O)O
161.43,303.27500000000003,-1.144299999999996,6.0,6.0,9.0,NCC(O)=NCC(O)=NCC(O)=NCC(O)=NCC(=O)O
158.1,247.407,-2.108099999999995,4.0,1.0,12.0,CC(O)=NCCC[NH2+]CCCC[NH2+]CCC[NH3+]
162.3,247.407,-2.108099999999995,4.0,1.0,12.0,CC(O)=NCCC[NH2+]CCCC[NH2+]CCC[NH3+]
121.9,118.08799999999997,-0.0642000000000001,2.0,2.0,3.0,O=C(O)CCC(=O)O
132.8,116.07199999999996,-0.2881999999999998,2.0,2.0,2.0,O=C(O)/C=C/C(=O)O
129.3,132.11499999999998,0.3258999999999997,2.0,2.0,4.0,O=C(O)CCCC(=O)O
121.7,132.11499999999998,0.3258999999999997,2.0,2.0,4.0,O=C(O)CCCC(=O)O
127.3,192.123,-1.3925999999999994,4.0,4.0,5.0,O=C(O)CC(C(=O)O)C(O)C(=O)O
142.8,192.123,-1.3925999999999994,4.0,4.0,5.0,O=C(O)CC(C(=O)O)C(O)C(=O)O
136.5,192.123,-1.3925999999999994,4.0,4.0,5.0,O=C(O)CC(C(=O)O)C(O)C(=O)O
131.4,174.10799999999998,-0.4432999999999996,3.0,3.0,4.0,O=C(O)/C=C(\CC(=O)O)C(=O)O
152.0,174.10799999999998,-0.4432999999999996,3.0,3.0,4.0,O=C(O)/C=C(\CC(=O)O)C(=O)O
148.2,174.10799999999998,-0.4432999999999996,3.0,3.0,4.0,O=C(O)/C=C(\CC(=O)O)C(=O)O
131.9,216.189,-0.1781000000000001,0.0,6.0,4.0,COC(=O)CC=C(C(=O)OC)C(=O)OC
151.2,216.189,-0.1781000000000001,0.0,6.0,4.0,COC(=O)CC=C(C(=O)OC)C(=O)OC
145.9,216.189,-0.1781000000000001,0.0,6.0,4.0,COC(=O)CC=C(C(=O)OC)C(=O)OC
149.1,250.187,0.8923999999999999,3.0,3.0,9.0,O=C(O)CCP(CCC(=O)O)CCC(=O)O
143.0,192.123,-1.2485,4.0,4.0,5.0,O=C(O)CC(O)(CC(=O)O)C(=O)O
128.1,192.123,-1.2485,4.0,4.0,5.0,O=C(O)CC(O)(CC(=O)O)C(=O)O
121.5,132.16199999999998,1.8987,0.0,1.0,2.0,O=C/C=C/c1ccccc1
144.4,148.16099999999997,1.7844,1.0,1.0,2.0,O=C(O)/C=C/c1ccccc1
140.1,194.186,1.4986,2.0,3.0,3.0,COc1cc(/C=C/C(=O)O)ccc1O
133.2,180.159,1.1956,3.0,3.0,2.0,O=C(O)/C=C/c1ccc(O)c(O)c1
131.3,164.16,1.4899999999999995,2.0,2.0,2.0,O=C(O)/C=C/c1ccc(O)cc1
130.1,162.14399999999998,1.4985999999999997,1.0,3.0,0.0,O=c1ccc2ccc(O)cc2o1
153.5,162.14399999999998,1.4985999999999997,1.0,3.0,0.0,O=c1ccc2ccc(O)cc2o1
134.7,180.21,2.7830000000000013,0.0,2.0,0.0,c1ccc2nc3ccccc3nc2c1
130.3,180.21,2.7830000000000013,0.0,2.0,0.0,c1ccc2nc3ccccc3nc2c1
140.1,156.097,-0.4140000000000001,3.0,5.0,1.0,O=C(O)c1cnc(O)nc1O
124.1,142.114,-0.6199000000000003,3.0,5.0,1.0,OCc1cnc(O)nc1O
141.2,142.114,-0.6199000000000003,3.0,5.0,1.0,OCc1cnc(O)nc1O
121.1,125.131,-0.0968100000000001,3.0,3.0,0.0,Cc1cnc(O)[nH]c1=N
125.7,125.131,-0.0968100000000001,3.0,3.0,0.0,Cc1cnc(O)[nH]c1=N
135.7,125.131,-0.0968100000000001,3.0,3.0,0.0,Cc1cnc(O)[nH]c1=N
122.1,126.11499999999998,0.1962199999999997,2.0,4.0,0.0,Cc1cnc(O)nc1O
138.0,156.097,-0.4140000000000001,3.0,5.0,1.0,O=C(O)c1cc(O)nc(O)n1
121.7,156.097,-0.4140000000000001,3.0,5.0,1.0,O=C(O)c1cc(O)nc(O)n1
126.2,112.08799999999998,-0.1122000000000001,2.0,4.0,0.0,Oc1ccnc(O)n1
163.0,265.362,0.4381100000000001,3.0,4.0,4.0,Cc1ncc(C[n+]2csc(CCO)c2C)c(=N)[nH]1
122.6,111.10399999999998,-0.40523,3.0,3.0,0.0,N=c1ccnc(O)[nH]1
128.0,176.12399999999997,-1.4074,4.0,6.0,2.0,O=C1O[C@H]([C@@H](O)CO)C(O)=C1O
141.6,176.12399999999997,-1.4074,4.0,6.0,2.0,O=C1O[C@H]([C@@H](O)CO)C(O)=C1O
150.6,205.348,3.2357700000000014,2.0,3.0,5.0,N=C(O)CCCCC1CCSS1
165.5,275.30100000000004,-1.000699999999997,1.0,5.0,9.0,C[N+](C)(C)C[C@@H](CC(=O)[O-])OC(=O)CCCC(=O)O
161.1,275.30100000000004,-1.000699999999997,1.0,5.0,9.0,C[N+](C)(C)C[C@@H](CC(=O)[O-])OC(=O)CCCC(=O)O
167.5,275.30100000000004,-1.000699999999997,1.0,5.0,9.0,C[N+](C)(C)C[C@@H](CC(=O)[O-])OC(=O)CCCC(=O)O
143.5,203.238,-1.2356999999999985,0.0,4.0,5.0,CC(=O)OC(CC(=O)[O-])C[N+](C)(C)C
155.6,354.61900000000014,7.981300000000009,0.0,2.0,20.0,CCCCCCCCCCCCCCCCCCCCCC(=O)OC
165.1,242.403,5.162200000000004,1.0,1.0,13.0,CCCCCCCCCCCCCCC(=O)O
165.0,242.403,5.162200000000004,1.0,1.0,13.0,CCCCCCCCCCCCCCC(=O)O
133.2,148.11399999999998,-0.7032999999999998,3.0,3.0,3.0,CC(O)(CC(=O)O)C(=O)O
123.1,148.11399999999998,-0.7032999999999998,3.0,3.0,3.0,CC(O)(CC(=O)O)C(=O)O
134.7,160.16899999999998,1.1061,2.0,2.0,6.0,O=C(O)CCCCCC(=O)O
131.2,160.16899999999998,1.1061,2.0,2.0,6.0,O=C(O)CCCCCC(=O)O
140.2,160.16899999999998,1.1061,2.0,2.0,6.0,O=C(O)CCCCCC(=O)O
146.3,202.25,2.2764,2.0,2.0,9.0,O=C(O)CCCCCCCCC(=O)O
144.2,202.25,2.2764,2.0,2.0,9.0,O=C(O)CCCCCCCCC(=O)O
152.9,202.25,2.2764,2.0,2.0,9.0,O=C(O)CCCCCCCCC(=O)O
142.1,188.223,1.8863000000000003,2.0,2.0,8.0,O=C(O)CCCCCCCC(=O)O
140.1,188.223,1.8863000000000003,2.0,2.0,8.0,O=C(O)CCCCCCCC(=O)O
148.7,188.223,1.8863000000000003,2.0,2.0,8.0,O=C(O)CCCCCCCC(=O)O
132.4,146.142,0.716,2.0,2.0,5.0,O=C(O)CCCCC(=O)O
127.5,144.12599999999998,-1.9533999999999987,0.0,4.0,5.0,O=C([O-])CCCCC(=O)[O-]
135.9,144.12599999999998,-1.9533999999999987,0.0,4.0,5.0,O=C([O-])CCCCC(=O)[O-]
154.2,200.322,3.991900000000002,1.0,1.0,10.0,CCCCCCCCCCCC(=O)O
129.0,148.158,-0.4054999999999999,3.0,3.0,4.0,C[C@@](O)(CCO)CC(=O)O
132.9,148.158,-0.4054999999999999,3.0,3.0,4.0,C[C@@](O)(CCO)CC(=O)O
133.0,146.142,0.5718999999999997,2.0,2.0,4.0,CC(CCC(=O)O)C(=O)O
126.3,146.142,0.5718999999999997,2.0,2.0,4.0,CC(CCC(=O)O)C(=O)O
137.2,146.142,0.5718999999999997,2.0,2.0,4.0,CC(CCC(=O)O)C(=O)O
167.8,254.4139999999999,5.328300000000005,1.0,1.0,13.0,CCCCCC/C=C\CCCCCCCC(=O)O
167.3,254.4139999999999,5.328300000000005,1.0,1.0,13.0,CCCCCC/C=C\CCCCCCCC(=O)O
129.6,146.21,0.5574000000000001,1.0,1.0,4.0,C[N+](C)(C)CCCC(=O)O
167.3,149.19099999999997,-1.1497000000000002,1.0,4.0,4.0,CSCCC(O)C(=O)[O-]
123.9,132.11499999999998,0.1817999999999998,2.0,2.0,3.0,CC(CC(=O)O)C(=O)O
126.9,162.141,-0.3132,3.0,3.0,4.0,CC(O)(CC(=O)O)CC(=O)O
135.9,162.141,-0.3132,3.0,3.0,4.0,CC(O)(CC(=O)O)CC(=O)O
137.7,174.196,1.4962,2.0,2.0,7.0,O=C(O)CCCCCCC(=O)O
136.0,174.196,1.4962,2.0,2.0,7.0,O=C(O)CCCCCCC(=O)O
144.2,174.196,1.4962,2.0,2.0,7.0,O=C(O)CCCCCCC(=O)O
169.0,256.4299999999999,5.552300000000005,1.0,1.0,14.0,CCCCCCCCCCCCCCCC(=O)O
168.7,256.4299999999999,5.552300000000005,1.0,1.0,14.0,CCCCCCCCCCCCCCCC(=O)O
130.2,131.175,0.5901000000000001,2.0,2.0,5.0,NCCCCCC(=O)O
129.7,146.21,0.5574000000000001,1.0,1.0,4.0,C[N+](C)(C)CCCC(=O)O
133.0,146.142,0.5718999999999997,2.0,2.0,4.0,CC(CC(=O)O)CC(=O)O
126.3,146.142,0.5718999999999997,2.0,2.0,4.0,CC(CC(=O)O)CC(=O)O
137.5,146.142,0.5718999999999997,2.0,2.0,4.0,CC(CC(=O)O)CC(=O)O
131.9,130.099,0.1018999999999998,2.0,2.0,3.0,C=C(CC(=O)O)C(=O)O
166.8,272.25600000000003,2.5099000000000014,3.0,5.0,1.0,O=C1C[C@@H](c2ccc(O)cc2)Oc2cc(O)cc(O)c21
166.9,272.25600000000003,2.5099000000000014,3.0,5.0,1.0,O=C1C[C@@H](c2ccc(O)cc2)Oc2cc(O)cc(O)c21
169.4,288.25500000000005,2.2155000000000014,4.0,6.0,1.0,O=C1C[C@@H](c2ccc(O)c(O)c2)Oc2cc(O)cc(O)c21
159.4,290.271,1.5461000000000014,5.0,6.0,1.0,Oc1cc(O)c2c(c1)O[C@H](c1ccc(O)c(O)c1)[C@@H](O)C2
164.1,290.271,1.5461000000000014,5.0,6.0,1.0,Oc1cc(O)c2c(c1)O[C@H](c1ccc(O)c(O)c1)[C@@H](O)C2
165.4,286.239,2.282400000000001,4.0,6.0,1.0,O=c1c(O)c(-c2ccc(O)cc2)oc2cc(O)cc(O)c12
164.9,286.239,2.282400000000001,4.0,6.0,1.0,O=c1c(O)c(-c2ccc(O)cc2)oc2cc(O)cc(O)c12
167.1,287.247,2.9089000000000005,5.0,5.0,1.0,Oc1cc(O)c2cc(O)c(-c3ccc(O)c(O)c3)[o+]c2c1
166.0,284.267,2.879800000000002,2.0,5.0,2.0,COc1ccc(-c2cc(=O)c3c(O)cc(O)cc3o2)cc1
131.0,344.319,2.897000000000002,2.0,7.0,4.0,COc1ccc(-c2cc(=O)c3c(O)c(OC)c(O)c(OC)c3o2)cc1
138.6,344.319,2.897000000000002,2.0,7.0,4.0,COc1ccc(-c2cc(=O)c3c(O)c(OC)c(O)c(OC)c3o2)cc1
168.2,270.284,3.1073000000000026,1.0,4.0,2.0,COc1cc(O)c2c(c1)OC(c1ccccc1)CC2=O
163.2,270.284,3.1073000000000026,1.0,4.0,2.0,COc1cc(O)c2c(c1)OC(c1ccccc1)CC2=O
130.1,166.22299999999996,3.2578000000000022,0.0,0.0,0.0,c1ccc2c(c1)Cc1ccccc1-2
142.2,333.24600000000004,3.4639000000000024,0.0,3.0,7.0,CC[N+](C)(CC)CCC(C)OC(=O)c1ccc(Br)o1
169.8,348.2160000000001,-4.563999999999995,4.0,12.0,0.0,O=C1OC2C(O)COC23OC24OCC(O)C2OC(=O)C4(O)OC13O
156.7,254.235,-3.843899999999998,6.0,8.0,5.0,OCC(CO)O[C@@H]1OC(CO)[C@@H](O)[C@H](O)C1O
159.3,254.235,-3.843899999999998,6.0,8.0,5.0,OCC(CO)O[C@@H]1OC(CO)[C@@H](O)[C@H](O)C1O
147.3,172.07299999999998,-1.5511,4.0,4.0,4.0,O=P(O)(O)OC(CO)CO
126.5,172.07299999999998,-1.5511,4.0,4.0,4.0,O=P(O)(O)OC(CO)CO
140.6,172.07299999999998,-1.5511,4.0,4.0,4.0,O=P(O)(O)OC(CO)CO
127.4,172.07299999999998,-1.5511,4.0,4.0,4.0,O=P(O)(O)OCC(O)CO
137.2,172.07299999999998,-1.5511,4.0,4.0,4.0,O=P(O)(O)OCC(O)CO
120.5,104.10499999999998,-0.1581,2.0,2.0,2.0,CCC(O)C(=O)O
151.9,90.078,-0.5482,2.0,2.0,1.0,CC(O)C(=O)O
137.1,103.09699999999998,-1.4928,1.0,3.0,2.0,CC(O)CC(=O)[O-]
144.5,188.267,2.1841000000000004,2.0,2.0,9.0,O=C(O)CCCCCCCCCO
151.2,188.267,2.1841000000000004,2.0,2.0,9.0,O=C(O)CCCCCCCCCO
152.7,216.321,2.964300000000001,2.0,2.0,11.0,O=C(O)CCCCCCCCCCCO
160.3,216.321,2.964300000000001,2.0,2.0,11.0,O=C(O)CCCCCCCCCCCO
168.9,338.213,-1.922829999999999,7.0,9.0,5.0,N=C(O)c1ncn([C@@H]2O[C@H](COP(=O)(O)O)[C@@H](O)[C@H]2O)c1N
163.0,283.244,-2.44403,6.0,9.0,2.0,N=c1nc(O)c2ncn([C@@H]3O[C@H](CO)[C@@H](O)[C@H]3O)c2[nH]1
121.7,120.115,0.3528999999999997,1.0,3.0,0.0,c1ncc2nc[nH]c2n1
150.8,203.249,1.6826,2.0,4.0,3.0,CC(C)=CCNc1nc[nH]c2ncnc1-2
145.4,203.249,1.6826,2.0,4.0,3.0,CC(C)=CCNc1nc[nH]c2ncnc1-2
128.0,166.209,1.0747999999999998,1.0,4.0,1.0,CSc1ncnc2[nH]cnc12
130.0,166.209,1.0747999999999998,1.0,4.0,1.0,CSc1ncnc2[nH]cnc12
145.7,166.209,1.0747999999999998,1.0,4.0,1.0,CSc1ncnc2[nH]cnc12
130.5,149.157,-0.2241300000000002,2.0,4.0,0.0,Cn1cnc2[nH]cnc2c1=N
127.5,149.157,-0.2241300000000002,2.0,4.0,0.0,Cn1cnc2[nH]cnc2c1=N
126.5,149.157,-0.1029000000000001,1.0,5.0,0.0,Cn1cnc(N)c2ncnc1-2
136.1,165.156,-0.5185299999999999,3.0,5.0,0.0,Cn1cnc2[nH]c(=N)nc(O)c21
133.4,165.156,-0.5185299999999999,3.0,5.0,0.0,Cn1cnc2[nH]c(=N)nc(O)c21
148.8,165.156,-0.5185299999999999,3.0,5.0,0.0,Cn1cnc2[nH]c(=N)nc(O)c21
142.0,194.194,-1.0293,0.0,6.0,0.0,Cn1c(=O)c2c(ncn2C)n(C)c1=O
140.2,194.194,-1.0293,0.0,6.0,0.0,Cn1c(=O)c2c(ncn2C)n(C)c1=O
133.6,180.167,-1.0397000000000003,1.0,5.0,0.0,Cn1c(=O)c2nc[nH]c2n(C)c1=O
140.9,180.167,-1.0397000000000003,1.0,5.0,0.0,Cn1c(=O)c2nc[nH]c2n(C)c1=O
147.7,180.167,-1.0397000000000003,1.0,5.0,0.0,Cn1c(=O)c2nc[nH]c2n(C)c1=O
139.0,180.167,-0.6274000000000004,1.0,6.0,0.0,Cn1c(O)nc2ncn(C)c2c1=O
149.4,180.167,-0.6274000000000004,1.0,6.0,0.0,Cn1c(O)nc2ncn(C)c2c1=O
134.5,180.167,-0.6274000000000004,1.0,6.0,0.0,Cn1c(O)nc2ncn(C)c2c1=O
135.0,136.114,0.0584999999999996,2.0,4.0,0.0,Oc1ncnc2[nH]cnc12
121.0,136.114,0.0584999999999996,2.0,4.0,0.0,Oc1ncnc2[nH]cnc12
130.5,136.114,0.0584999999999996,2.0,4.0,0.0,Oc1ncnc2[nH]cnc12
135.9,136.114,0.0584999999999996,2.0,4.0,0.0,Oc1ncnc2[nH]cnc12
151.7,152.11300000000003,-0.2359000000000002,3.0,5.0,0.0,Oc1nc(O)c2nc[nH]c2n1
122.2,152.11300000000003,-0.2359000000000002,3.0,5.0,0.0,Oc1nc(O)c2nc[nH]c2n1
132.9,152.11300000000003,-0.2359000000000002,3.0,5.0,0.0,Oc1nc(O)c2nc[nH]c2n1
126.2,168.11200000000002,-0.5303000000000005,4.0,6.0,0.0,Oc1nc(O)c2nc(O)[nH]c2n1
142.6,168.11200000000002,-0.5303000000000005,4.0,6.0,0.0,Oc1nc(O)c2nc(O)[nH]c2n1
126.2,168.11200000000002,-0.5303000000000005,4.0,6.0,0.0,Oc1nc(O)c2nc(O)[nH]c2n1
130.5,168.11200000000002,-0.5303000000000005,4.0,6.0,0.0,Oc1nc(O)c2nc(O)[nH]c2n1
137.0,135.13000000000002,-0.1133,2.0,4.0,0.0,Nc1nc[nH]c2ncnc1-2
120.6,135.13000000000002,-0.1133,2.0,4.0,0.0,Nc1nc[nH]c2ncnc1-2
125.6,135.13000000000002,-0.1133,2.0,4.0,0.0,Nc1nc[nH]c2ncnc1-2
136.2,151.129,-0.5289300000000001,4.0,4.0,0.0,N=c1nc(O)c2nc[nH]c2[nH]1
137.7,151.129,-0.5289300000000001,4.0,4.0,0.0,N=c1nc(O)c2nc[nH]c2[nH]1
131.1,180.167,-0.6274000000000002,1.0,6.0,0.0,Cn1cnc2c1c(O)nc(=O)n2C
137.1,180.167,-0.6274000000000002,1.0,6.0,0.0,Cn1cnc2c1c(O)nc(=O)n2C
168.2,301.369,2.3903900000000005,3.0,3.0,2.0,Cc1ccc2c(c1)[C@H](N=c1[nH]c(C(C)F)nc(=N)[nH]1)[C@@H](C)C2
150.6,218.256,2.3924,3.0,2.0,3.0,CC(O)=NCCc1c[nH]c2ccc(O)cc12
149.8,218.256,2.3924,3.0,2.0,3.0,CC(O)=NCCc1c[nH]c2ccc(O)cc12
153.8,218.256,2.3924,3.0,2.0,3.0,CC(O)=NCCc1c[nH]c2ccc(O)cc12
131.0,159.188,1.9093,1.0,1.0,2.0,O=CCc1c[nH]c2ccccc12
133.0,161.204,1.7026999999999997,2.0,1.0,2.0,OCCc1c[nH]c2ccccc12
133.8,161.204,1.7026999999999997,2.0,1.0,2.0,OCCc1c[nH]c2ccccc12
155.9,232.283,2.6954,2.0,2.0,4.0,COc1ccc2[nH]cc(CCN=C(C)O)c2c1
153.5,232.283,2.6954,2.0,2.0,4.0,COc1ccc2[nH]cc(CCN=C(C)O)c2c1
158.6,232.283,2.6954,2.0,2.0,4.0,COc1ccc2[nH]cc(CCN=C(C)O)c2c1
157.5,232.283,2.6954,2.0,2.0,4.0,COc1ccc2[nH]cc(CCN=C(C)O)c2c1
135.8,174.203,2.24567,3.0,1.0,2.0,N=C(O)Cc1c[nH]c2ccccc12
136.2,174.203,2.24567,3.0,1.0,2.0,N=C(O)Cc1c[nH]c2ccccc12
143.7,174.203,2.24567,3.0,1.0,2.0,N=C(O)Cc1c[nH]c2ccccc12
130.8,147.177,2.3917,1.0,1.0,0.0,CC1C(O)=Nc2ccccc21
151.7,204.229,1.1223,3.0,2.0,3.0,N[C@H](Cc1c[nH]c2ccccc12)C(=O)O
142.6,204.229,1.1223,3.0,2.0,3.0,N[C@H](Cc1c[nH]c2ccccc12)C(=O)O
150.6,204.229,1.1223,3.0,2.0,3.0,N[C@H](Cc1c[nH]c2ccccc12)C(=O)O
147.9,204.229,1.1223,3.0,2.0,3.0,N[C@H](Cc1c[nH]c2ccccc12)C(=O)O
141.4,189.214,1.8834,1.0,2.0,2.0,COC(=O)Cc1c[nH]c2ccccc12
138.7,189.214,1.8834,1.0,2.0,2.0,COC(=O)Cc1c[nH]c2ccccc12
147.4,189.214,1.8834,1.0,2.0,2.0,COC(=O)Cc1c[nH]c2ccccc12
137.8,203.197,1.3641,2.0,2.0,3.0,O=C(O)C(=O)Cc1c[nH]c2ccccc12
137.3,191.186,1.5006,3.0,2.0,2.0,O=C(O)Cc1c[nH]c2ccc(O)cc12
141.1,191.186,1.5006,3.0,2.0,2.0,O=C(O)Cc1c[nH]c2ccc(O)cc12
148.6,191.186,1.5006,3.0,2.0,2.0,O=C(O)Cc1c[nH]c2ccc(O)cc12
147.2,204.229,1.1223,3.0,2.0,3.0,N[C@@H](Cc1c[nH]c2ccccc12)C(=O)O
149.1,204.229,1.1223,3.0,2.0,3.0,N[C@@H](Cc1c[nH]c2ccccc12)C(=O)O
151.3,204.229,1.1223,3.0,2.0,3.0,N[C@@H](Cc1c[nH]c2ccccc12)C(=O)O
145.8,203.241,2.2735000000000003,1.0,2.0,3.0,CCOC(=O)Cc1c[nH]c2ccccc12
145.4,203.241,2.2735000000000003,1.0,2.0,3.0,CCOC(=O)Cc1c[nH]c2ccccc12
153.9,203.241,2.2735000000000003,1.0,2.0,3.0,CCOC(=O)Cc1c[nH]c2ccccc12
143.6,175.18699999999998,1.795,2.0,1.0,2.0,O=C(O)Cc1c[nH]c2ccccc12
136.4,175.18699999999998,1.795,2.0,1.0,2.0,O=C(O)Cc1c[nH]c2ccccc12
149.8,220.228,0.8278999999999999,4.0,3.0,3.0,N[C@@H](Cc1c[nH]c2ccc(O)cc12)C(=O)O
147.0,220.228,0.8278999999999999,4.0,3.0,3.0,N[C@@H](Cc1c[nH]c2ccc(O)cc12)C(=O)O
151.9,220.228,0.8278999999999999,4.0,3.0,3.0,N[C@@H](Cc1c[nH]c2ccc(O)cc12)C(=O)O
155.6,220.228,0.8278999999999999,4.0,3.0,3.0,N[C@@H](Cc1c[nH]c2ccc(O)cc12)C(=O)O
153.6,220.228,0.8278999999999999,4.0,3.0,3.0,N[C@@H](Cc1c[nH]c2ccc(O)cc12)C(=O)O
143.5,203.245,1.5729699999999995,4.0,2.0,3.0,N=C(O)[C@@H](N)Cc1c[nH]c2ccccc12
151.0,203.245,1.5729699999999995,4.0,2.0,3.0,N=C(O)[C@@H](N)Cc1c[nH]c2ccccc12
148.1,203.245,1.5729699999999995,4.0,2.0,3.0,N=C(O)[C@@H](N)Cc1c[nH]c2ccccc12
147.1,176.219,1.3747,3.0,2.0,2.0,NCCc1c[nH]c2ccc(O)cc12
150.9,176.219,1.3747,3.0,2.0,2.0,NCCc1c[nH]c2ccc(O)cc12
149.8,176.219,1.3747,3.0,2.0,2.0,NCCc1c[nH]c2ccc(O)cc12
142.8,174.247,1.9298,2.0,1.0,3.0,CNCCc1c[nH]c2ccccc12
127.6,160.22,1.6690999999999998,2.0,1.0,2.0,NCCc1c[nH]c2ccccc12
163.6,270.23999999999995,2.5768000000000018,3.0,5.0,1.0,O=c1c(-c2ccc(O)cc2)coc2cc(O)cc(O)c12
162.3,270.23999999999995,2.5768000000000018,3.0,5.0,1.0,O=c1c(-c2ccc(O)cc2)coc2cc(O)cc(O)c12
161.8,254.241,2.8712000000000018,2.0,4.0,1.0,O=c1c(-c2ccc(O)cc2)coc2cc(O)ccc12
156.2,254.241,2.8712000000000018,2.0,4.0,1.0,O=c1c(-c2ccc(O)cc2)coc2cc(O)ccc12
168.5,268.268,3.174200000000002,1.0,4.0,2.0,COc1ccc(-c2coc3cc(O)ccc3c2=O)cc1
169.8,284.267,2.879800000000002,2.0,5.0,2.0,COc1ccc(-c2coc3cc(O)cc(O)c3c2=O)cc1
165.2,284.267,2.879800000000002,2.0,5.0,2.0,COc1cc(O)c2c(=O)c(-c3ccc(O)cc3)coc2c1
121.1,190.062,-9.156500000000005,0.0,5.0,4.0,O=C([O-])CCC(=O)C(=O)[O-].[Na+].[Na+]
125.2,146.09799999999998,-0.4950999999999999,2.0,3.0,4.0,O=C(O)CCC(=O)C(=O)O
133.9,178.14,-2.255699999999999,4.0,5.0,5.0,O=C(O)C(=O)C[C@H](O)[C@H](O)CO
143.6,258.119,-2.1387,5.0,6.0,7.0,O=C(O)C(=O)C[C@H](O)[C@H](O)COP(=O)(O)O
132.6,160.12499999999997,-0.1050000000000001,2.0,3.0,5.0,O=C(O)CCCC(=O)C(=O)O
126.8,160.12499999999997,-0.1050000000000001,2.0,3.0,5.0,O=C(O)CCCC(=O)C(=O)O
137.5,160.12499999999997,-0.1050000000000001,2.0,3.0,5.0,O=C(O)CCCC(=O)C(=O)O
127.3,130.143,0.6861999999999999,1.0,2.0,3.0,CCC(C)C(=O)C(=O)O
130.8,116.11599999999996,0.4401999999999998,1.0,2.0,3.0,CCCC(=O)C(=O)O
142.8,130.14299999999997,0.0744,1.0,3.0,0.0,CC1(O)CCOC(=O)C1
133.7,178.14,-3.0131999999999985,4.0,6.0,2.0,O=C1O[C@H]([C@@H](O)CO)[C@H](O)[C@@H]1O
129.9,178.14,-3.0131999999999985,4.0,6.0,2.0,O=C1O[C@H]([C@@H](O)CO)[C@H](O)[C@@H]1O
140.9,178.14,-3.0131999999999985,4.0,6.0,2.0,O=C1O[C@H]([C@@H](O)CO)[C@H](O)[C@@H]1O
146.0,176.12399999999997,-2.806599999999999,3.0,6.0,2.0,O=C[C@H](O)[C@H]1OC(=O)[C@@H](O)[C@H]1O
128.2,174.10799999999995,-2.596799999999999,2.0,6.0,2.0,O=C1O[C@H]([C@@H](O)CO)C(=O)C1=O
163.7,256.25699999999995,2.699500000000002,3.0,4.0,3.0,O=C(/C=C/c1ccc(O)cc1)c1ccc(O)cc1O
164.0,256.25699999999995,2.699500000000002,3.0,4.0,3.0,O=C(/C=C/c1ccc(O)cc1)c1ccc(O)cc1O
155.7,258.27599999999995,3.6152000000000015,0.0,2.0,0.0,O=C1c2ccccc2C(=O)c2cc3ccccc3cc21
137.0,160.172,2.251000000000001,2.0,2.0,0.0,Oc1ccc2cc(O)ccc2c1
133.2,160.172,2.251000000000001,2.0,2.0,0.0,Oc1cccc2c(O)cccc12
131.3,160.172,2.251000000000001,2.0,2.0,0.0,Oc1cc2ccccc2cc1O
130.8,174.15499999999997,1.3274,1.0,3.0,0.0,O=C1C=CC(=O)c2c(O)cccc21
137.2,202.256,4.487200000000002,0.0,0.0,0.0,c1ccc2c(c1)-c1cccc3cccc-2c13
136.7,202.256,4.487200000000002,0.0,0.0,0.0,c1ccc2c(c1)-c1cccc3cccc-2c13
152.6,252.316,5.640400000000002,0.0,0.0,0.0,c1ccc2cc3c(cc2c1)-c1cccc2cccc-3c12
151.2,252.316,5.640400000000002,0.0,0.0,0.0,c1ccc2cc3c(cc2c1)-c1cccc2cccc-3c12
153.9,230.26299999999995,3.036500000000002,1.0,2.0,3.0,COc1ccc2cc([C@H](C)C(=O)O)ccc2c1
162.8,230.26299999999995,3.036500000000002,1.0,2.0,3.0,COc1ccc2cc([C@H](C)C(=O)O)ccc2c1
129.4,156.22799999999998,3.456640000000003,0.0,0.0,0.0,Cc1ccc(C)c2ccccc12
126.9,156.22799999999998,3.456640000000003,0.0,0.0,0.0,Cc1ccc(C)c2ccccc12
128.6,156.22799999999998,3.456640000000003,0.0,0.0,0.0,Cc1ccc2cc(C)ccc2c1
126.3,156.22799999999998,3.456640000000003,0.0,0.0,0.0,Cc1ccc2cc(C)ccc2c1
129.5,156.22799999999998,3.456640000000003,0.0,0.0,0.0,Cc1ccc2ccc(C)cc2c1
143.8,182.178,2.2188000000000008,0.0,2.0,0.0,O=C1C(=O)c2cccc3cccc1c23
127.7,154.212,2.938400000000001,0.0,0.0,0.0,c1cc2c3c(cccc3c1)CC2
123.7,142.20099999999996,3.148220000000002,0.0,0.0,0.0,Cc1cccc2ccccc12
122.1,142.20099999999996,3.148220000000002,0.0,0.0,0.0,Cc1cccc2ccccc12
123.1,142.20099999999996,3.148220000000002,0.0,0.0,0.0,Cc1ccc2ccccc2c1
121.8,142.20099999999996,3.148220000000002,0.0,0.0,0.0,Cc1ccc2ccccc2c1
144.7,177.97299999999996,-0.8116000000000001,4.0,3.0,2.0,O=P(O)(O)OP(=O)(O)O
150.3,244.203,-1.9582000000000004,5.0,8.0,2.0,OC[C@H]1O[C@@H](c2cnc(O)nc2O)[C@H](O)[C@@H]1O
163.1,244.203,-1.9582000000000004,5.0,8.0,2.0,OC[C@H]1O[C@@H](c2cnc(O)nc2O)[C@H](O)[C@@H]1O
132.5,132.119,-0.4565299999999999,4.0,2.0,3.0,N=C(O)NCCC(=O)O
139.5,308.116,-0.1715,5.0,6.0,8.0,C[C@](O)(CCOP(=O)(O)OP(=O)(O)O)CC(=O)O
151.3,308.116,-0.1715,5.0,6.0,8.0,C[C@](O)(CCOP(=O)(O)OP(=O)(O)O)CC(=O)O
120.3,125.064,-0.8771999999999998,3.0,2.0,2.0,NCCP(=O)(O)O
136.6,125.064,-0.8771999999999998,3.0,2.0,2.0,NCCP(=O)(O)O
130.1,125.064,-0.8771999999999998,3.0,2.0,2.0,NCCP(=O)(O)O
134.4,140.03099999999998,-0.7513000000000001,3.0,2.0,2.0,O=C(O)CP(=O)(O)O
123.4,141.063,-0.9455999999999998,3.0,3.0,3.0,NCCOP(=O)(O)O
163.7,168.04099999999997,-0.306,3.0,3.0,3.0,C=C(OP(=O)(O)O)C(=O)O
138.1,168.04099999999997,-0.306,3.0,3.0,3.0,C=C(OP(=O)(O)O)C(=O)O
138.1,168.04099999999997,-0.306,3.0,3.0,3.0,C=C(OP(=O)(O)O)C(=O)O
124.6,140.03099999999998,-0.3578,2.0,3.0,1.0,CC(=O)OP(=O)(O)O
127.9,125.149,-1.1670999999999998,2.0,3.0,2.0,NCCS(=O)(=O)O
134.3,125.149,-1.1670999999999998,2.0,3.0,2.0,NCCS(=O)(=O)O
132.9,298.107,1.9343000000000004,1.0,3.0,4.0,O=S(=O)(O)C(F)(F)C(F)(F)OC(F)C(F)(F)F
150.4,328.152,2.732500000000001,1.0,2.0,5.0,O=S(=O)(O)CCC(F)(F)C(F)(F)C(F)(F)C(F)(F)F
168.1,428.166,4.003100000000001,1.0,2.0,7.0,O=S(=O)(O)CCC(F)(F)C(F)(F)C(F)(F)C(F)(F)C(F)(F)C(F)(F)F
156.2,444.121,3.949,1.0,4.0,7.0,O=S(=O)(O)C(F)(F)C(F)(F)OC(F)(C(F)(F)F)C(F)(F)OC(F)=C(F)F
155.2,464.127,3.7718,1.0,4.0,7.0,O=S(=O)(O)C(F)(F)C(F)(F)OC(F)(C(F)(F)F)C(F)(F)OC(F)C(F)(F)F
143.4,212.206,1.0069,1.0,4.0,2.0,O=S(=O)([O-])Oc1c[nH]c2ccccc12
154.9,169.993,1.8298,0.0,0.0,0.0,CC(C)I
154.0,169.993,1.8298,0.0,0.0,0.0,CC(C)I
156.4,169.993,1.8298,0.0,0.0,0.0,CC(C)I
135.9,246.074,-0.936199999999998,2.0,2.0,5.0,NCC[Se][Se]CCN
138.9,246.074,-0.936199999999998,2.0,2.0,5.0,NCC[Se][Se]CCN
122.2,105.13699999999996,-1.4394,3.0,3.0,4.0,OCCNCCO
131.3,145.25000000000003,-0.336299999999998,3.0,3.0,7.0,NCCCCNCCCN
127.9,141.174,-0.7282000000000003,3.0,3.0,3.0,NC(CO)Cc1cnc[nH]1
128.8,141.174,-0.7282000000000003,3.0,3.0,3.0,NC(CO)Cc1cnc[nH]1
131.9,141.174,-0.7282000000000003,3.0,3.0,3.0,NC(CO)Cc1cnc[nH]1
148.6,202.34600000000003,-0.3565999999999964,4.0,4.0,11.0,NCCCNCCCCNCCCN
151.4,202.34600000000003,-0.3565999999999964,4.0,4.0,11.0,NCCCNCCCCNCCCN
136.2,145.25000000000003,-0.336299999999998,3.0,3.0,7.0,NCCCCNCCCN
123.8,125.175,-0.0787000000000001,1.0,3.0,2.0,Cn1cncc1CCN
162.1,252.318,0.5131999999999997,0.0,6.0,2.0,CN(C)c1nc(=O)n(C2CCCCC2)c(=O)n1C
132.3,131.22300000000004,-0.7263999999999977,3.0,3.0,6.0,NCCCNCCCN
127.6,131.22300000000004,-0.7263999999999977,3.0,3.0,6.0,NCCCNCCCN
120.4,111.14800000000002,-0.0891,2.0,2.0,2.0,NCCc1cnc[nH]1
150.4,186.363,2.2716,1.0,0.0,9.0,CCCC[NH+](CCCC)CCCC
121.8,125.175,-0.0787000000000001,1.0,3.0,2.0,Cn1cnc(CCN)c1
128.5,130.19500000000002,-0.7916299999999987,4.0,2.0,4.0,N=C(N)NCCCCN
167.5,242.47099999999992,5.003600000000005,0.0,0.0,12.0,CCCC[N+](CCCC)(CCCC)CCCC
137.1,184.152,-0.1980999999999996,2.0,2.0,4.0,C[N+](C)(C)CCOP(=O)(O)O
145.7,186.363,3.443200000000002,0.0,0.0,8.0,CCC[N+](CCC)(CCC)CCC
163.1,228.444,4.613500000000004,0.0,0.0,11.0,CCCC[N+](CCC)(CCCC)CCCC
129.2,146.21,0.2557,0.0,2.0,3.0,CC(=O)OCC[N+](C)(C)C
132.9,197.662,-1.3846999999999992,1.0,3.0,4.0,C[N+](C)(C)CC(O)CC(=O)[O-].Cl
148.0,184.152,-0.1980999999999996,2.0,2.0,4.0,C[N+](C)(C)CCOP(=O)(O)O
148.6,174.152,-1.5162,4.0,4.0,1.0,O=C(O)C1=C[C@@H](O)[C@@H](O)[C@H](O)C1
137.7,174.152,-1.5162,4.0,4.0,1.0,O=C(O)C1=C[C@@H](O)[C@@H](O)[C@H](O)C1
145.0,192.167,-2.3214,5.0,5.0,1.0,O=C(O)[C@]1(O)C[C@@H](O)[C@@H](O)[C@H](O)C1
134.8,192.167,-2.3214,5.0,5.0,1.0,O=C(O)[C@]1(O)C[C@@H](O)[C@@H](O)[C@H](O)C1
151.8,192.167,-2.3214,5.0,5.0,1.0,O=C(O)[C@]1(O)C[C@@H](O)[C@@H](O)[C@H](O)C1
146.6,219.237,-0.2029999999999996,4.0,4.0,6.0,CC(C)(CO)[C@@H](O)C(O)=NCCC(=O)O
129.8,219.237,-0.2029999999999996,4.0,4.0,6.0,CC(C)(CO)[C@@H](O)C(O)=NCCC(=O)O
150.8,219.237,-0.2029999999999996,4.0,4.0,6.0,CC(C)(CO)[C@@H](O)C(O)=NCCC(=O)O
131.5,180.156,-3.834599999999999,6.0,6.0,0.0,O[C@H]1[C@H](O)[C@@H](O)[C@H](O)[C@@H](O)[C@H]1O
148.7,180.156,-3.834599999999999,6.0,6.0,0.0,O[C@H]1[C@H](O)[C@@H](O)[C@H](O)[C@@H](O)[C@H]1O
133.8,194.139,-3.2865,5.0,6.0,5.0,O=C[C@H](O)[C@@H](O)[C@H](O)[C@H](O)C(=O)O
152.2,194.139,-3.2865,5.0,6.0,5.0,O=C[C@H](O)[C@@H](O)[C@H](O)[C@H](O)C(=O)O
142.7,164.15699999999998,-2.1938,4.0,5.0,0.0,C[C@@H]1OC(O)[C@H](O)[C@H](O)[C@@H]1O
143.2,170.05699999999996,-1.3429000000000002,3.0,4.0,4.0,O=C(CO)COP(=O)(O)O
134.5,150.12999999999997,-2.5823,4.0,5.0,0.0,OC1OC[C@@H](O)[C@@H](O)[C@@H]1O
148.7,200.083,-1.9836,4.0,5.0,5.0,O=C[C@H](O)[C@H](O)COP(=O)(O)O
152.9,200.083,-1.9836,4.0,5.0,5.0,O=C[C@H](O)[C@H](O)COP(=O)(O)O
133.0,194.139,-3.2848999999999986,5.0,6.0,5.0,O=C(O)C(=O)[C@@H](O)[C@H](O)[C@H](O)CO
156.7,260.135,-3.104399999999999,6.0,7.0,3.0,O=P(O)(O)OC[C@H]1OC(O)[C@@H](O)[C@@H](O)[C@@H]1O
146.2,260.135,-3.104399999999999,6.0,7.0,3.0,O=P(O)(O)OC[C@H]1OC(O)[C@@H](O)[C@@H](O)[C@@H]1O
156.2,260.135,-3.104399999999999,6.0,7.0,3.0,O=P(O)(O)OC[C@H]1OC(O)[C@@H](O)[C@@H](O)[C@@H]1O
136.8,150.12999999999997,-2.5823,4.0,5.0,0.0,O[C@@H]1[C@H](O)[C@@H](O)OC[C@H]1O
158.4,309.271,-3.031499999999997,7.0,8.0,5.0,CC(O)=N[C@H]1[C@H]([C@H](O)[C@H](O)CO)O[C@](O)(C(=O)O)C[C@@H]1O
163.7,309.271,-3.031499999999997,7.0,8.0,5.0,CC(O)=N[C@H]1[C@H]([C@H](O)[C@H](O)CO)O[C@](O)(C(=O)O)C[C@@H]1O
166.6,309.271,-3.031499999999997,7.0,8.0,5.0,CC(O)=N[C@H]1[C@H]([C@H](O)[C@H](O)CO)O[C@](O)(C(=O)O)C[C@@H]1O
168.4,309.271,-3.031499999999997,7.0,8.0,5.0,CC(O)=N[C@H]1[C@H]([C@H](O)[C@H](O)CO)O[C@](O)(C(=O)O)C[C@@H]1O
137.7,150.08599999999996,-2.1226,4.0,4.0,3.0,O=C(O)[C@@H](O)[C@H](O)C(=O)O
130.0,122.11999999999998,-2.3072,4.0,4.0,3.0,OC[C@@H](O)[C@@H](O)CO
136.8,164.15699999999998,-2.1922,4.0,5.0,1.0,OC[C@H]1OC(O)C[C@@H](O)[C@@H]1O
146.3,260.135,-3.1028,6.0,7.0,4.0,O=P(O)(O)OCC1(O)O[C@H](CO)[C@@H](O)[C@@H]1O
158.2,260.135,-3.1028,6.0,7.0,4.0,O=P(O)(O)OCC1(O)O[C@H](CO)[C@@H](O)[C@@H]1O
151.4,221.209,-2.2372999999999985,5.0,6.0,2.0,CC(O)=N[C@@H]1[C@@H](O)[C@@H](O)[C@@H](CO)O[C@H]1O
150.3,221.209,-2.2372999999999985,5.0,6.0,2.0,CC(O)=N[C@@H]1[C@@H](O)[C@@H](O)[C@@H](CO)O[C@H]1O
145.4,194.183,-2.5672999999999986,4.0,6.0,2.0,CO[C@@H]1O[C@H](CO)[C@H](O)[C@H](O)[C@H]1O
140.2,230.109,-2.6227,5.0,6.0,6.0,O=C[C@H](O)[C@H](O)[C@H](O)COP(=O)(O)O
151.2,230.109,-2.6227,5.0,6.0,6.0,O=C[C@H](O)[C@H](O)[C@H](O)COP(=O)(O)O
148.2,260.135,-3.104399999999999,6.0,7.0,3.0,O=P(O)(O)O[C@H]1O[C@H](CO)[C@H](O)[C@H](O)[C@H]1O
158.3,260.135,-3.104399999999999,6.0,7.0,3.0,O=P(O)(O)O[C@H]1O[C@H](CO)[C@H](O)[C@H](O)[C@H]1O
157.5,260.135,-3.104399999999999,6.0,7.0,3.0,O=P(O)(O)O[C@H]1O[C@H](CO)[C@H](O)[C@H](O)[C@H]1O
132.0,150.12999999999997,-2.738099999999999,4.0,5.0,4.0,O=C(CO)C(O)C(O)CO
131.8,194.139,-3.1291,5.0,6.0,1.0,O=C(O)[C@H]1OC(O)[C@H](O)[C@@H](O)[C@@H]1O
150.1,194.139,-3.1291,5.0,6.0,1.0,O=C(O)[C@H]1OC(O)[C@H](O)[C@@H](O)[C@@H]1O
146.4,164.15699999999998,-2.1938,4.0,5.0,0.0,C[C@@H]1OC(O)[C@@H](O)[C@H](O)[C@@H]1O
138.6,164.15699999999998,-2.1938,4.0,5.0,0.0,C[C@@H]1OC(O)[C@@H](O)[C@H](O)[C@@H]1O
133.3,186.05599999999995,-1.4587999999999997,4.0,4.0,4.0,O=C(O)C(CO)OP(=O)(O)O
124.4,186.05599999999995,-1.4587999999999997,4.0,4.0,4.0,O=C(O)C(CO)OP(=O)(O)O
134.4,186.05599999999995,-1.4587999999999997,4.0,4.0,4.0,O=C(O)C(CO)OP(=O)(O)O
141.9,186.05599999999995,-1.4587999999999997,4.0,4.0,4.0,O=C(O)C(CO)OP(=O)(O)O
143.0,180.156,-3.2213999999999987,5.0,6.0,1.0,OCC1OC(O)C(O)C(O)C1O
146.1,180.156,-3.2213999999999987,5.0,6.0,1.0,OCC1OC(O)C(O)C(O)C1O
154.8,260.135,-3.260199999999999,6.0,7.0,7.0,O=C(CO)[C@@H](O)[C@H](O)[C@H](O)COP(=O)(O)O
154.8,260.135,-3.260199999999999,6.0,7.0,7.0,O=C(CO)[C@@H](O)[C@H](O)[C@H](O)COP(=O)(O)O
144.3,260.135,-3.260199999999999,6.0,7.0,7.0,O=C(CO)[C@@H](O)[C@H](O)[C@H](O)COP(=O)(O)O
154.3,260.135,-3.260199999999999,6.0,7.0,7.0,O=C(CO)[C@@H](O)[C@H](O)[C@H](O)COP(=O)(O)O
146.1,260.135,-3.260199999999999,6.0,7.0,7.0,O=C(CO)[C@@H](O)[C@H](O)[C@H](O)COP(=O)(O)O
155.2,260.135,-3.260199999999999,6.0,7.0,7.0,O=C(CO)[C@@H](O)[C@H](O)[C@H](O)COP(=O)(O)O
145.0,210.182,-3.8588999999999984,6.0,7.0,2.0,OC[C@H]1O[C@](O)(CO)[C@@H](O)[C@H](O)[C@@H]1O
149.8,210.182,-3.8588999999999984,6.0,7.0,2.0,OC[C@H]1O[C@](O)(CO)[C@@H](O)[C@H](O)[C@@H]1O
134.7,179.172,-3.254999999999999,5.0,6.0,1.0,N[C@@H]1[C@@H](O)[C@H](O)[C@@H](CO)O[C@H]1O
146.3,179.172,-3.254999999999999,5.0,6.0,1.0,N[C@@H]1[C@@H](O)[C@H](O)[C@@H](CO)O[C@H]1O
141.6,180.156,-3.2213999999999987,5.0,6.0,1.0,OC[C@H]1OC(O)[C@@H](O)[C@@H](O)[C@@H]1O
150.3,259.151,-3.1379999999999986,6.0,7.0,3.0,N[C@H]1C(O)O[C@H](COP(=O)(O)O)[C@@H](O)[C@@H]1O
155.6,259.151,-3.1379999999999986,6.0,7.0,3.0,N[C@H]1C(O)O[C@H](COP(=O)(O)O)[C@@H](O)[C@@H]1O
160.3,259.151,-3.1379999999999986,6.0,7.0,3.0,N[C@H]1C(O)O[C@H](COP(=O)(O)O)[C@@H](O)[C@@H]1O
155.3,220.225,-2.270899999999998,5.0,6.0,2.0,CC(O)=N[C@@H]1[C@@H](O)[C@H](O)[C@@H](CO)O[C@H]1N
149.6,220.225,-2.270899999999998,5.0,6.0,2.0,CC(O)=N[C@@H]1[C@@H](O)[C@H](O)[C@@H](CO)O[C@H]1N
157.9,220.225,-2.270899999999998,5.0,6.0,2.0,CC(O)=N[C@@H]1[C@@H](O)[C@H](O)[C@@H](CO)O[C@H]1N
153.4,230.10899999999995,-2.4653,5.0,6.0,3.0,O=P(O)(O)OC[C@H]1OC(O)[C@H](O)[C@@H]1O
126.2,152.146,-2.9462999999999995,5.0,5.0,4.0,OC[C@@H](O)[C@@H](O)[C@@H](O)CO
136.1,152.146,-2.9462999999999995,5.0,5.0,4.0,OC[C@@H](O)[C@@H](O)[C@@H](O)CO
147.1,180.156,-3.2213999999999987,5.0,6.0,1.0,OC[C@H]1O[C@H](O)[C@H](O)[C@@H](O)[C@@H]1O
146.5,180.156,-3.2213999999999987,5.0,6.0,1.0,OC[C@H]1O[C@H](O)[C@H](O)[C@@H](O)[C@@H]1O
135.8,150.12999999999997,-2.5823,4.0,5.0,1.0,OC[C@H]1OC(O)[C@H](O)[C@@H]1O
131.9,182.172,-3.585399999999998,6.0,6.0,5.0,OC[C@@H](O)[C@@H](O)[C@H](O)[C@@H](O)CO
143.1,182.172,-3.585399999999998,6.0,6.0,5.0,OC[C@@H](O)[C@@H](O)[C@H](O)[C@@H](O)CO
146.8,180.156,-3.2213999999999987,5.0,6.0,1.0,OC[C@H]1O[C@@H](O)[C@H](O)[C@@H](O)[C@@H]1O
141.0,196.155,-3.4930999999999988,6.0,6.0,5.0,O=C(O)[C@H](O)[C@@H](O)[C@H](O)[C@H](O)CO
132.6,196.155,-3.4930999999999988,6.0,6.0,5.0,O=C(O)[C@H](O)[C@@H](O)[C@H](O)[C@H](O)CO
146.9,196.155,-3.4930999999999988,6.0,6.0,5.0,O=C(O)[C@H](O)[C@@H](O)[C@H](O)[C@H](O)CO
137.5,210.138,-3.4007999999999994,6.0,6.0,5.0,O=C(O)[C@@H](O)[C@H](O)[C@H](O)[C@@H](O)C(=O)O
132.9,210.138,-3.4007999999999994,6.0,6.0,5.0,O=C(O)[C@@H](O)[C@H](O)[C@H](O)[C@@H](O)C(=O)O
146.9,210.138,-3.4007999999999994,6.0,6.0,5.0,O=C(O)[C@@H](O)[C@H](O)[C@H](O)[C@@H](O)C(=O)O
138.0,179.17200000000005,-3.412399999999999,5.0,6.0,5.0,N[C@H](C=O)[C@@H](O)[C@H](O)[C@H](O)CO
141.9,179.17200000000005,-3.412399999999999,5.0,6.0,5.0,N[C@H](C=O)[C@@H](O)[C@H](O)[C@H](O)CO
137.7,180.156,-3.219799999999999,5.0,6.0,1.0,OCC1(O)OC[C@@H](O)[C@@H](O)[C@H]1O
140.9,150.13,-2.5807,4.0,5.0,1.0,OCC1(O)OC[C@@H](O)[C@@H]1O
149.7,260.135,-3.104399999999999,6.0,7.0,3.0,O=P(O)(O)O[C@H]1O[C@H](CO)[C@@H](O)[C@H](O)[C@H]1O
159.8,260.135,-3.104399999999999,6.0,7.0,3.0,O=P(O)(O)O[C@H]1O[C@H](CO)[C@@H](O)[C@H](O)[C@H]1O
157.0,260.135,-3.104399999999999,6.0,7.0,3.0,O=P(O)(O)OC[C@H]1OC(O)[C@H](O)[C@@H](O)[C@@H]1O
146.7,260.135,-3.104399999999999,6.0,7.0,3.0,O=P(O)(O)OC[C@H]1OC(O)[C@H](O)[C@@H](O)[C@@H]1O
158.8,260.135,-3.104399999999999,6.0,7.0,3.0,O=P(O)(O)OC[C@H]1OC(O)[C@H](O)[C@@H](O)[C@@H]1O
141.7,180.156,-3.377199999999999,5.0,6.0,5.0,O=C(CO)[C@@H](O)[C@H](O)[C@H](O)CO
168.2,342.2970000000001,-5.395599999999993,8.0,11.0,5.0,OC[C@H]1O[C@@](CO)(O[C@H]2O[C@H](CO)[C@@H](O)[C@H](O)[C@H]2O)[C@@H](O)[C@@H]1O
137.5,210.138,-3.4007999999999994,6.0,6.0,5.0,O=C(O)[C@@H](O)[C@@H](O)[C@H](O)[C@@H](O)C(=O)O
133.4,210.138,-3.4007999999999994,6.0,6.0,5.0,O=C(O)[C@@H](O)[C@@H](O)[C@H](O)[C@@H](O)C(=O)O
148.5,210.138,-3.4007999999999994,6.0,6.0,5.0,O=C(O)[C@@H](O)[C@@H](O)[C@H](O)[C@@H](O)C(=O)O
135.0,150.12999999999997,-2.5823,4.0,5.0,0.0,OC1OC[C@@H](O)[C@H](O)[C@H]1O
142.0,180.156,-3.2213999999999987,5.0,6.0,1.0,OC[C@H]1O[C@H](O)[C@H](O)[C@@H](O)[C@H]1O
130.8,182.172,-3.585399999999998,6.0,6.0,5.0,OC[C@@H](O)[C@H](O)[C@H](O)[C@@H](O)CO
143.4,182.172,-3.585399999999998,6.0,6.0,5.0,OC[C@@H](O)[C@H](O)[C@H](O)[C@@H](O)CO
169.9,342.2970000000001,-5.397199999999993,8.0,11.0,4.0,OC[C@H]1O[C@H](O[C@H]2O[C@H](CO)[C@@H](O)[C@H](O)[C@H]2O)[C@H](O)[C@@H](O)[C@@H]1O
138.9,230.109,-2.6227,5.0,6.0,6.0,O=C[C@H](O)[C@@H](O)[C@H](O)COP(=O)(O)O
150.3,230.109,-2.6227,5.0,6.0,6.0,O=C[C@H](O)[C@@H](O)[C@H](O)COP(=O)(O)O
138.3,179.172,-3.254999999999999,5.0,6.0,1.0,N[C@H]1C(O)O[C@H](CO)[C@@H](O)[C@@H]1O
141.5,179.172,-3.254999999999999,5.0,6.0,1.0,N[C@H]1C(O)O[C@H](CO)[C@@H](O)[C@@H]1O
143.7,179.172,-3.254999999999999,5.0,6.0,1.0,N[C@H]1C(O)O[C@H](CO)[C@@H](O)[C@@H]1O
146.7,179.172,-3.254999999999999,5.0,6.0,1.0,N[C@H]1C(O)O[C@H](CO)[C@@H](O)[C@@H]1O
166.4,282.24500000000006,-4.118999999999997,6.0,9.0,2.0,OC1OC[C@@H](O[C@@H]2OC[C@@H](O)[C@H](O)[C@H]2O)[C@H](O)[C@H]1O
166.3,282.24500000000006,-4.118999999999997,6.0,9.0,2.0,OC1OC[C@@H](O[C@@H]2OC[C@@H](O)[C@H](O)[C@H]2O)[C@H](O)[C@H]1O
131.9,182.172,-3.585399999999998,6.0,6.0,5.0,OC[C@@H](O)[C@@H](O)[C@H](O)[C@H](O)CO
141.2,182.172,-3.585399999999998,6.0,6.0,5.0,OC[C@@H](O)[C@@H](O)[C@H](O)[C@H](O)CO
127.0,186.05599999999995,-1.4587999999999997,4.0,4.0,4.0,O=C(O)[C@@H](CO)OP(=O)(O)O
148.2,282.141,-3.6761999999999975,6.0,7.0,7.0,NC(C=O)C(O)C(O)C(O)COP(=O)(O)O.[Na]
127.9,166.129,-2.853999999999999,5.0,5.0,4.0,O=C(O)[C@H](O)[C@@H](O)[C@@H](O)CO
142.6,166.129,-2.853999999999999,5.0,5.0,4.0,O=C(O)[C@H](O)[C@@H](O)[C@@H](O)CO
121.8,136.10299999999998,-2.214899999999999,4.0,4.0,3.0,O=C(O)[C@H](O)[C@@H](O)CO
136.1,136.10299999999998,-2.214899999999999,4.0,4.0,3.0,O=C(O)[C@H](O)[C@@H](O)CO
153.1,221.209,-2.2372999999999985,5.0,6.0,2.0,CC(O)=N[C@@H]1[C@@H](O)[C@H](O)[C@@H](CO)O[C@H]1O
150.7,221.209,-2.2372999999999985,5.0,6.0,2.0,CC(O)=N[C@@H]1[C@@H](O)[C@H](O)[C@@H](CO)O[C@H]1O
158.6,221.209,-2.2372999999999985,5.0,6.0,2.0,CC(O)=N[C@@H]1[C@@H](O)[C@H](O)[C@@H](CO)O[C@H]1O
125.2,152.146,-2.9462999999999995,5.0,5.0,4.0,OC[C@H](O)C(O)[C@@H](O)CO
136.0,152.146,-2.9462999999999995,5.0,5.0,4.0,OC[C@H](O)C(O)[C@@H](O)CO
150.0,221.209,-2.2372999999999985,5.0,6.0,2.0,CC(O)=N[C@@H]1C(O)O[C@H](CO)[C@@H](O)[C@@H]1O
133.1,186.05599999999995,-1.4587999999999997,4.0,4.0,4.0,O=C(O)[C@@H](O)COP(=O)(O)O
136.3,186.05599999999995,-1.4587999999999997,4.0,4.0,4.0,O=C(O)[C@@H](O)COP(=O)(O)O
124.8,186.05599999999995,-1.4587999999999997,4.0,4.0,4.0,O=C(O)[C@@H](O)COP(=O)(O)O
169.8,323.19800000000004,-2.20333,6.0,9.0,4.0,N=c1ccn([C@@H]2O[C@H](CO)[C@@H](OP(=O)(O)O)[C@H]2O)c(O)n1
169.9,323.19800000000004,-2.20333,6.0,9.0,4.0,N=c1ccn([C@@H]2O[C@H](CO)[C@@H](OP(=O)(O)O)[C@H]2O)c(O)n1
139.3,180.156,-3.219799999999999,5.0,6.0,1.0,OC[C@@]1(O)OC[C@H](O)[C@@H](O)[C@@H]1O
144.2,180.156,-3.219799999999999,5.0,6.0,1.0,OC[C@@]1(O)OC[C@H](O)[C@@H](O)[C@@H]1O
126.1,152.146,-2.9462999999999995,5.0,5.0,4.0,OC[C@@H](O)[C@H](O)[C@@H](O)CO
137.3,152.146,-2.9462999999999995,5.0,5.0,4.0,OC[C@@H](O)[C@H](O)[C@@H](O)CO
132.8,178.14,-3.0131999999999985,4.0,6.0,1.0,O=C1O[C@H](CO)[C@@H](O)[C@H](O)[C@H]1O
144.7,178.14,-3.0131999999999985,4.0,6.0,1.0,O=C1O[C@H](CO)[C@@H](O)[C@H](O)[C@H]1O
131.4,194.139,-3.1291,5.0,6.0,1.0,O=C(O)[C@H]1O[C@H](O)[C@H](O)[C@@H](O)[C@H]1O
145.3,194.139,-3.1291,5.0,6.0,1.0,O=C(O)[C@H]1O[C@H](O)[C@H](O)[C@@H](O)[C@H]1O
149.5,259.236,-3.427899999999997,5.0,8.0,3.0,N[C@@H]1[C@@H](O)[C@H](O)[C@@H](COS(=O)(=O)O)O[C@H]1O
145.2,276.134,-3.3760999999999983,7.0,7.0,7.0,O=C(O)[C@H](O)[C@@H](O)[C@H](O)[C@H](O)COP(=O)(O)O
166.1,276.134,-3.3760999999999983,7.0,7.0,7.0,O=C(O)[C@H](O)[C@@H](O)[C@H](O)[C@H](O)COP(=O)(O)O
121.6,122.12299999999998,1.2046999999999997,1.0,2.0,1.0,O=Cc1ccc(O)cc1
131.9,172.13599999999997,-1.308,3.0,4.0,1.0,O=C(O)C1=CC(=O)[C@@H](O)[C@H](O)C1
132.2,172.13599999999997,-1.308,3.0,4.0,1.0,O=C(O)C1=CC(=O)[C@@H](O)[C@H](O)C1
149.2,172.13599999999997,-1.308,3.0,4.0,1.0,O=C(O)C1=CC(=O)[C@@H](O)[C@H](O)C1
149.8,208.217,0.2535000000000001,3.0,4.0,4.0,Nc1ccccc1C(=O)C[C@H](N)C(=O)O
153.3,208.217,0.2535000000000001,3.0,4.0,4.0,Nc1ccccc1C(=O)C[C@H](N)C(=O)O
152.7,208.217,0.2535000000000001,3.0,4.0,4.0,Nc1ccccc1C(=O)CC(N)C(=O)O
149.6,208.217,0.2535000000000001,3.0,4.0,4.0,Nc1ccccc1C(=O)CC(N)C(=O)O
160.2,207.229,0.9336,2.0,3.0,6.0,O=C(O)CNCCC(=O)c1ccccc1
148.5,207.229,0.9336,2.0,3.0,6.0,O=C(O)CNCCC(=O)c1ccccc1
149.7,207.229,0.9336,2.0,3.0,6.0,O=C(O)CNCCC(=O)c1ccccc1
140.1,321.14699999999993,3.7170000000000014,0.0,9.0,6.0,COP1(OC)=NP(OC)(OC)=NP(OC)(OC)=N1
153.4,321.14699999999993,3.7170000000000014,0.0,9.0,6.0,COP1(OC)=NP(OC)(OC)=NP(OC)(OC)=N1
167.7,321.14699999999993,3.7170000000000014,0.0,9.0,6.0,COP1(OC)=NP(OC)(OC)=NP(OC)(OC)=N1
153.5,321.14699999999993,3.7170000000000014,0.0,9.0,6.0,COP1(OC)=NP(OC)(OC)=NP(OC)(OC)=N1
134.7,134.13099999999997,-1.5531,3.0,4.0,0.0,O[C@@H]1C[C@H](O)[C@H](O)CO1
162.8,278.354,6.299400000000003,0.0,0.0,0.0,c1ccc2cc3cc4cc5ccccc5cc4cc3cc2c1
161.1,278.354,6.299400000000003,0.0,0.0,0.0,c1ccc2cc3cc4cc5ccccc5cc4cc3cc2c1
154.5,226.236,-0.289299999999999,4.0,4.0,6.0,NCCC(O)=N[C@@H](Cc1cnc[nH]1)C(=O)O
153.1,226.236,-0.289299999999999,4.0,4.0,6.0,NCCC(O)=N[C@@H](Cc1cnc[nH]1)C(=O)O
150.8,226.236,-0.289299999999999,4.0,4.0,6.0,NCCC(O)=N[C@@H](Cc1cnc[nH]1)C(=O)O
133.0,180.206,3.0493000000000023,0.0,1.0,0.0,O=C1C=Cc2cccc3cccc1c23
147.2,228.29399999999995,5.146200000000002,0.0,0.0,0.0,c1ccc2c(c1)ccc1c3ccccc3ccc21
144.9,228.29399999999995,5.146200000000002,0.0,0.0,0.0,c1ccc2c(c1)ccc1c3ccccc3ccc21
157.3,244.29299999999995,4.851800000000003,1.0,1.0,0.0,Oc1cc2c3ccccc3ccc2c2ccccc12
147.5,228.29399999999995,5.146200000000002,0.0,0.0,0.0,c1ccc2c(c1)c1ccccc1c1ccccc21
143.6,228.29399999999995,5.146200000000002,0.0,0.0,0.0,c1ccc2c(c1)c1ccccc1c1ccccc21
143.9,206.28799999999995,4.609840000000003,0.0,0.0,0.0,Cc1ccc2ccc3ccc(C)cc3c2c1
142.8,206.28799999999995,4.609840000000003,0.0,0.0,0.0,Cc1ccc2ccc3ccc(C)cc3c2c1
151.5,252.316,5.737200000000002,0.0,0.0,0.0,c1cc2cccc3c4cccc5cccc(c(c1)c23)c54
149.6,252.316,5.737200000000002,0.0,0.0,0.0,c1cc2cccc3c4cccc5cccc(c(c1)c23)c54
150.9,252.316,5.6300000000000034,0.0,0.0,0.0,C1=Cc2c3ccc4ccccc4c3cc3cccc1c23
150.2,252.316,5.640400000000002,0.0,0.0,0.0,c1ccc2c(c1)-c1cccc3c1c-2cc1ccccc13
144.0,230.266,4.051200000000002,0.0,1.0,0.0,O=C1c2ccccc2-c2cccc3cccc1c23
142.9,230.266,4.051200000000002,0.0,1.0,0.0,O=C1c2ccccc2-c2cccc3cccc1c23
132.6,178.23399999999995,3.993000000000002,0.0,0.0,0.0,c1ccc2c(c1)ccc1ccccc12
131.2,178.23399999999995,3.993000000000002,0.0,0.0,0.0,c1ccc2c(c1)ccc1ccccc12
126.5,152.149,1.3175,1.0,3.0,1.0,CC(=O)Oc1cccc(O)c1
132.7,151.16500000000002,2.0001,2.0,2.0,1.0,CC(O)=Nc1ccc(O)cc1
131.4,151.16500000000002,2.0001,2.0,2.0,1.0,CC(O)=Nc1ccc(O)cc1
128.9,152.149,1.0193,2.0,2.0,2.0,O=C(O)Cc1ccc(O)cc1
147.8,153.181,0.3842999999999999,3.0,3.0,2.0,NC[C@@H](O)c1ccc(O)cc1
121.5,137.138,1.27557,3.0,2.0,1.0,N=C(O)c1ccccc1O
124.5,137.138,1.27557,3.0,2.0,1.0,N=C(O)c1ccccc1O
140.4,168.148,0.7248999999999997,3.0,3.0,2.0,O=C(O)Cc1ccc(O)c(O)c1
143.2,169.18000000000004,0.3045999999999998,4.0,4.0,2.0,NCCc1cc(O)c(O)cc1O
127.7,170.164,0.1234999999999998,4.0,4.0,2.0,OCC(O)c1ccc(O)c(O)c1
121.5,124.13899999999998,1.4062199999999998,2.0,2.0,0.0,Cc1ccc(O)c(O)c1
134.4,169.18,0.0898999999999997,4.0,4.0,2.0,NC[C@H](O)c1ccc(O)c(O)c1
137.1,169.18,0.0898999999999997,4.0,4.0,2.0,NC[C@H](O)c1ccc(O)c(O)c1
140.3,183.207,0.3505999999999998,4.0,4.0,3.0,CNC[C@H](O)c1ccc(O)c(O)c1
133.3,153.181,0.599,3.0,3.0,2.0,NCCc1ccc(O)c(O)c1
142.7,153.181,0.599,3.0,3.0,2.0,NCCc1ccc(O)c(O)c1
137.7,184.147,0.2157999999999995,4.0,4.0,2.0,O=C(O)C(O)c1ccc(O)c(O)c1
155.4,183.207,0.3928999999999998,3.0,4.0,3.0,COc1cc(C(O)CN)ccc1O
146.9,167.20799999999997,0.902,2.0,3.0,3.0,COc1cc(CCN)ccc1O
136.3,182.175,1.0279,2.0,3.0,3.0,COc1cc(CC(=O)O)ccc1O
145.9,182.175,1.0279,2.0,3.0,3.0,COc1cc(CC(=O)O)ccc1O
158.0,184.191,0.4264999999999997,3.0,4.0,3.0,COc1cc(C(O)CO)ccc1O
130.6,198.174,0.5187999999999997,3.0,4.0,3.0,COc1cc(C(O)C(=O)O)ccc1O
140.3,210.229,1.5064,1.0,4.0,4.0,CCOC(=O)Cc1ccc(O)c(OC)c1
138.2,138.166,0.9269999999999998,2.0,2.0,2.0,OCCc1ccc(O)cc1
133.6,166.17600000000002,1.4094,2.0,2.0,3.0,O=C(O)CCc1ccccc1O
142.2,182.175,0.3801999999999999,3.0,3.0,3.0,O=C(O)C(O)Cc1ccc(O)cc1
144.0,182.175,0.3801999999999999,3.0,3.0,3.0,O=C(O)C(O)Cc1ccc(O)cc1
167.5,314.211,2.9054000000000024,3.0,4.0,8.0,CC(C)=CCC/C(C)=C/COP(=O)(O)OP(=O)(O)O
140.9,152.23699999999997,2.2576,0.0,1.0,1.0,CC(C)[C@]12CC(=O)[C@H](C)[C@H]1C2
141.9,152.237,2.401700000000001,0.0,1.0,0.0,CC12CCC(CC1=O)C2(C)C
139.7,154.253,2.669800000000001,1.0,1.0,4.0,C=C[C@@](C)(O)CCC=C(C)C
129.8,136.23799999999997,2.9987000000000013,0.0,0.0,0.0,C=C1C2CCC(C2)C1(C)C
132.2,136.23799999999997,2.9987000000000013,0.0,0.0,0.0,C=C1C2CCC(C2)C1(C)C
159.5,264.3209999999999,2.2499,2.0,3.0,3.0,CC1=CC(=O)CC(C)(C)[C@@]1(O)/C=C/C(C)=C\C(=O)O
160.6,242.23800000000003,1.6010400000000002,2.0,6.0,0.0,Cc1cc2nc3nc(O)nc(O)c3nc2cc1C
155.6,242.23800000000003,1.6010400000000002,2.0,6.0,0.0,Cc1cc2nc3nc(O)nc(O)c3nc2cc1C
153.4,242.23800000000003,1.6010400000000002,2.0,6.0,0.0,Cc1cc2nc3nc(O)nc(O)c3nc2cc1C
168.1,242.23800000000003,1.6010400000000002,2.0,6.0,0.0,Cc1cc2nc3nc(O)nc(O)c3nc2cc1C
128.7,163.14,-0.4620300000000002,3.0,5.0,0.0,N=c1nc(O)c2nccnc2[nH]1
128.8,163.14,-0.4620300000000002,3.0,5.0,0.0,N=c1nc(O)c2nccnc2[nH]1
143.5,163.14,-0.4620300000000002,3.0,5.0,0.0,N=c1nc(O)c2nccnc2[nH]1
126.6,164.124,-0.1690000000000006,2.0,6.0,0.0,Oc1nc(O)c2nccnc2n1
134.6,164.124,-0.1690000000000006,2.0,6.0,0.0,Oc1nc(O)c2nccnc2n1
145.0,164.124,-0.1690000000000006,2.0,6.0,0.0,Oc1nc(O)c2nccnc2n1
155.4,251.246,-0.9507999999999996,3.0,8.0,2.0,Nc1ncnc2c1ncn2[C@H]1C[C@H](O)[C@@H](CO)O1
152.3,251.246,-0.9507999999999996,3.0,8.0,2.0,Nc1ncnc2c1ncn2[C@H]1C[C@H](O)[C@@H](CO)O1
158.2,251.246,-0.9507999999999996,3.0,8.0,2.0,Nc1ncnc2c1ncn2[C@H]1C[C@H](O)[C@@H](CO)O1
161.9,251.246,-0.9507999999999996,3.0,8.0,2.0,Nc1ncnc2c1ncn2[C@H]1C[C@H](O)[C@@H](CO)O1
159.2,267.24500000000006,-1.4148300000000005,5.0,8.0,2.0,N=c1nc(O)c2ncn([C@H]3C[C@H](O)[C@@H](CO)O3)c2[nH]1
163.5,283.244,-2.44403,6.0,9.0,2.0,N=c1nc(O)c2ncn([C@@H]3O[C@H](CO)[C@@H](O)[C@H]3O)c2[nH]1
162.9,281.27200000000005,-2.139229999999999,4.0,9.0,2.0,Cn1cnc2c(ncn2[C@@H]2O[C@H](CO)[C@@H](O)[C@H]2O)c1=N
160.0,281.27200000000005,-2.139229999999999,4.0,9.0,2.0,Cn1cnc2c(ncn2[C@@H]2O[C@H](CO)[C@@H](O)[C@H]2O)c1=N
164.9,281.27200000000005,-2.139229999999999,4.0,9.0,2.0,Cn1cnc2c(ncn2[C@@H]2O[C@H](CO)[C@@H](O)[C@H]2O)c1=N
166.4,297.2710000000001,-2.8459299999999987,5.0,9.0,2.0,Cn1c(=N)[nH]c2c(ncn2[C@@H]2O[C@H](CO)[C@@H](O)[C@H]2O)c1=O
167.7,297.2710000000001,-2.8459299999999987,5.0,9.0,2.0,Cn1c(=N)[nH]c2c(ncn2[C@@H]2O[C@H](CO)[C@@H](O)[C@H]2O)c1=O
157.7,267.245,-1.98,4.0,9.0,2.0,Nc1ncnc2c1ncn2[C@@H]1O[C@H](CO)[C@@H](O)[C@H]1O
161.6,267.245,-1.98,4.0,9.0,2.0,Nc1ncnc2c1ncn2[C@@H]1O[C@H](CO)[C@@H](O)[C@H]1O
165.6,267.245,-1.98,4.0,9.0,2.0,Nc1ncnc2c1ncn2[C@@H]1O[C@H](CO)[C@@H](O)[C@H]1O
155.5,267.245,-1.98,4.0,9.0,2.0,Nc1ncnc2c1ncn2[C@@H]1O[C@H](CO)[C@@H](O)[C@H]1O
158.2,268.22900000000004,-1.8566000000000005,4.0,9.0,2.0,OC[C@H]1O[C@@H](n2cnc3c(O)ncnc32)[C@H](O)[C@@H]1O
159.6,268.22900000000004,-1.8566000000000005,4.0,9.0,2.0,OC[C@H]1O[C@@H](n2cnc3c(O)ncnc32)[C@H](O)[C@@H]1O
162.4,284.228,-2.151,5.0,10.0,2.0,OC[C@H]1O[C@@H](n2cnc3c(O)nc(O)nc32)[C@H](O)[C@@H]1O
162.1,284.228,-2.151,5.0,10.0,2.0,OC[C@H]1O[C@@H](n2cnc3c(O)nc(O)nc32)[C@H](O)[C@@H]1O
159.5,284.228,-2.151,5.0,10.0,2.0,OC[C@H]1O[C@@H](n2cnc3c(O)nc(O)nc32)[C@H](O)[C@@H]1O
169.4,329.20900000000006,-0.8174000000000001,3.0,10.0,2.0,Nc1ncnc2c1ncn2C1OC(CO)C2OP(=O)(O)OC21
168.0,329.20900000000006,-0.8174000000000001,3.0,10.0,2.0,Nc1ncnc2c1ncn2C1OC(CO)C2OP(=O)(O)OC21
169.8,639.4270000000002,-0.5373299999999981,6.0,16.0,10.0,N=c1nc(O)c2ncn([C@@H]3O[C@@H]4COP(=O)(OCc5ccc(C(=O)N(CC(=O)O)CC(=O)O)cc5[N+](=O)[O-])O[C@H]4[C@H]3O)c2[nH]1
167.8,639.4270000000002,-0.5373299999999981,6.0,16.0,10.0,N=c1nc(O)c2ncn([C@@H]3O[C@@H]4COP(=O)(OCc5ccc(C(=O)N(CC(=O)O)CC(=O)O)cc5[N+](=O)[O-])O[C@H]4[C@H]3O)c2[nH]1
164.9,331.2250000000001,-0.8337999999999994,4.0,9.0,4.0,Nc1ncnc2c1ncn2[C@H]1C[C@H](O)[C@@H](COP(=O)(O)O)O1
168.6,331.2250000000001,-0.8337999999999994,4.0,9.0,4.0,Nc1ncnc2c1ncn2[C@H]1C[C@H](O)[C@@H](COP(=O)(O)O)O1
169.4,347.2240000000001,-1.2978299999999998,6.0,9.0,4.0,N=c1nc(O)c2ncn([C@H]3C[C@H](O)[C@@H](COP(=O)(O)O)O3)c2[nH]1
169.4,363.22300000000007,-2.32703,7.0,10.0,4.0,N=c1nc(O)c2ncn([C@@H]3O[C@H](COP(=O)(O)O)[C@@H](O)[C@H]3O)c2[nH]1
166.6,348.2080000000001,-1.7396,5.0,10.0,4.0,O=P(O)(O)OC[C@H]1O[C@@H](n2cnc3c(O)ncnc32)[C@H](O)[C@@H]1O
166.2,364.2070000000001,-2.034,6.0,11.0,4.0,O=P(O)(O)OC[C@H]1O[C@@H](n2cnc3c(O)nc(O)nc32)[C@H](O)[C@@H]1O
164.6,302.37600000000003,6.890400000000002,0.0,0.0,0.0,c1ccc2c(c1)cc1ccc3c4ccccc4cc4ccc2c1c43
162.6,300.36,6.919200000000001,0.0,0.0,0.0,c1cc2ccc3ccc4ccc5ccc6ccc1c1c2c3c4c5c61
160.4,300.36,6.919200000000001,0.0,0.0,0.0,c1cc2ccc3ccc4ccc5ccc6ccc1c1c2c3c4c5c61
155.5,276.338,6.328200000000002,0.0,0.0,0.0,c1cc2ccc3ccc4ccc5cccc6c(c1)c2c3c4c56
154.0,276.338,6.328200000000002,0.0,0.0,0.0,c1cc2ccc3ccc4ccc5cccc6c(c1)c2c3c4c56
162.6,268.31499999999994,5.442800000000003,1.0,1.0,0.0,Oc1cccc2c1cc1ccc3cccc4ccc2c1c34
150.3,252.316,5.737200000000002,0.0,0.0,0.0,c1ccc2c(c1)cc1ccc3cccc4ccc2c1c34
149.5,252.316,5.737200000000002,0.0,0.0,0.0,c1ccc2c(c1)cc1ccc3cccc4ccc2c1c34
162.5,268.31499999999994,5.442800000000003,1.0,1.0,0.0,Oc1cc2c3ccccc3cc3ccc4cccc1c4c32
137.0,202.256,4.584000000000002,0.0,0.0,0.0,c1cc2ccc3cccc4ccc(c1)c2c34
136.1,202.256,4.584000000000002,0.0,0.0,0.0,c1cc2ccc3cccc4ccc(c1)c2c34
148.0,218.255,4.289600000000003,1.0,1.0,0.0,Oc1ccc2ccc3cccc4ccc1c2c34
142.6,232.238,2.7422000000000013,0.0,2.0,0.0,O=c1c(=O)c2cccc3ccc4cccc1c4c32
157.8,276.338,6.231400000000002,0.0,0.0,0.0,c1ccc2c(c1)-c1ccc3ccc4cccc5cc-2c1c3c45
156.3,276.338,6.231400000000002,0.0,0.0,0.0,c1ccc2c(c1)-c1ccc3ccc4cccc5cc-2c1c3c45
165.8,334.22100000000006,-2.0460299999999982,5.0,7.0,5.0,N=C(O)c1ccc[n+]([C@@H]2O[C@H](COP(=O)([O-])O)[C@@H](O)[C@H]2O)c1
125.9,111.09999999999998,0.0804999999999998,2.0,2.0,0.0,O=c1cc[nH]cc1O
150.1,247.143,0.5174199999999995,3.0,5.0,4.0,Cc1ncc(COP(=O)(O)O)c(C=O)c1O
151.7,247.143,0.5174199999999995,3.0,5.0,4.0,Cc1ncc(COP(=O)(O)O)c(C=O)c1O
161.4,247.143,0.5174199999999995,3.0,5.0,4.0,Cc1ncc(COP(=O)(O)O)c(C=O)c1O
129.2,167.16400000000002,0.4004199999999998,2.0,4.0,2.0,Cc1ncc(CO)c(C=O)c1O
131.3,167.16400000000002,0.4004199999999998,2.0,4.0,2.0,Cc1ncc(CO)c(C=O)c1O
142.7,167.16400000000002,0.4004199999999998,2.0,4.0,2.0,Cc1ncc(CO)c(C=O)c1O
153.2,247.143,0.5174199999999995,3.0,5.0,4.0,Cc1ncc(COP(=O)(O)O)c(C=O)c1O
149.4,247.143,0.5174199999999995,3.0,5.0,4.0,Cc1ncc(COP(=O)(O)O)c(C=O)c1O
152.4,247.143,0.5174199999999995,3.0,5.0,4.0,Cc1ncc(COP(=O)(O)O)c(C=O)c1O
162.4,247.143,0.5174199999999995,3.0,5.0,4.0,Cc1ncc(COP(=O)(O)O)c(C=O)c1O
136.4,241.461,2.3222,2.0,3.0,1.0,Nc1c(Cl)c(Cl)nc(C(=O)O)c1Cl
141.9,241.461,2.3222,2.0,3.0,1.0,Nc1c(Cl)c(Cl)nc(C(=O)O)c1Cl
155.4,241.461,2.3222,2.0,3.0,1.0,Nc1c(Cl)c(Cl)nc(C(=O)O)c1Cl
126.1,137.162,0.39447,2.0,1.0,1.0,C[n+]1cccc(C(=N)O)c1
129.1,139.11,0.4853999999999998,2.0,3.0,1.0,O=C(O)c1ccc(O)nc1
121.3,123.111,0.7797999999999999,1.0,2.0,1.0,O=C(O)c1cccnc1
123.9,123.111,0.7797999999999999,1.0,2.0,1.0,O=C(O)c1cccnc1
130.9,183.163,0.2861199999999999,3.0,4.0,2.0,Cc1ncc(CO)c(C(=O)O)c1O
147.6,183.163,0.2861199999999999,3.0,4.0,2.0,Cc1ncc(CO)c(C(=O)O)c1O
136.0,183.163,0.2861199999999999,3.0,4.0,2.0,Cc1ncc(CO)c(C(=O)O)c1O
150.6,183.163,0.2861199999999999,3.0,4.0,2.0,Cc1ncc(CO)c(C(=O)O)c1O
128.0,167.12,0.4779999999999999,2.0,3.0,2.0,O=C(O)c1cccnc1C(=O)O
134.9,167.12,0.4779999999999999,2.0,3.0,2.0,O=C(O)c1cccnc1C(=O)O
136.4,122.127,0.96497,2.0,2.0,1.0,N=C(O)c1cccnc1
126.7,122.127,0.96497,2.0,2.0,1.0,N=C(O)c1cccnc1
136.4,168.196,0.0466200000000002,3.0,4.0,2.0,Cc1ncc(CO)c(CN)c1O
134.4,168.196,0.0466200000000002,3.0,4.0,2.0,Cc1ncc(CO)c(CN)c1O
145.7,168.196,0.0466200000000002,3.0,4.0,2.0,Cc1ncc(CO)c(CN)c1O
144.2,169.18,0.08022,3.0,4.0,2.0,Cc1ncc(CO)c(CO)c1O
134.7,169.18,0.08022,3.0,4.0,2.0,Cc1ncc(CO)c(CO)c1O
134.5,169.18,0.08022,3.0,4.0,2.0,Cc1ncc(CO)c(CO)c1O
154.2,242.231,-1.1019800000000002,3.0,7.0,2.0,Cc1cn([C@H]2C[C@H](O)[C@@H](CO)O2)c(=O)nc1O
161.2,242.231,-1.1019800000000002,3.0,7.0,2.0,Cc1cn([C@H]2C[C@H](O)[C@@H](CO)O2)c(=O)nc1O
149.1,227.22,-1.29113,4.0,7.0,2.0,N=c1ccn([C@H]2C[C@H](O)[C@@H](CO)O2)c(O)n1
158.5,227.22,-1.29113,4.0,7.0,2.0,N=c1ccn([C@H]2C[C@H](O)[C@@H](CO)O2)c(O)n1
156.1,227.22,-1.29113,4.0,7.0,2.0,N=c1ccn([C@H]2C[C@H](O)[C@@H](CO)O2)c(O)n1
150.0,228.204,-1.4104,3.0,7.0,2.0,O=c1nc(O)ccn1[C@H]1C[C@H](O)[C@@H](CO)O1
157.3,228.204,-1.4104,3.0,7.0,2.0,O=c1nc(O)ccn1[C@H]1C[C@H](O)[C@@H](CO)O1
159.9,257.24600000000004,-2.01191,5.0,8.0,2.0,Cc1cn([C@@H]2O[C@H](CO)[C@@H](O)[C@H]2O)c(O)nc1=N
156.5,257.24600000000004,-2.01191,5.0,8.0,2.0,Cc1cn([C@@H]2O[C@H](CO)[C@@H](O)[C@H]2O)c(O)nc1=N
167.9,257.24600000000004,-2.01191,5.0,8.0,2.0,Cc1cn([C@@H]2O[C@H](CO)[C@@H](O)[C@H]2O)c(O)nc1=N
161.1,244.203,-2.4396,4.0,8.0,2.0,O=c1nc(O)ccn1[C@@H]1O[C@H](CO)[C@@H](O)[C@H]1O
152.0,244.203,-2.4396,4.0,8.0,2.0,O=c1nc(O)ccn1[C@@H]1O[C@H](CO)[C@@H](O)[C@H]1O
162.5,244.203,-2.4396,4.0,8.0,2.0,O=c1nc(O)ccn1[C@@H]1O[C@H](CO)[C@@H](O)[C@H]1O
150.0,243.219,-2.32033,5.0,8.0,2.0,N=c1ccn([C@@H]2O[C@H](CO)[C@@H](O)[C@H]2O)c(O)n1
151.6,243.219,-2.32033,5.0,8.0,2.0,N=c1ccn([C@@H]2O[C@H](CO)[C@@H](O)[C@H]2O)c(O)n1
159.5,243.219,-2.32033,5.0,8.0,2.0,N=c1ccn([C@@H]2O[C@H](CO)[C@@H](O)[C@H]2O)c(O)n1
167.2,305.183,-1.15773,4.0,9.0,2.0,N=c1ccn(C2OC(CO)C3OP(=O)(O)OC32)c(O)n1
165.1,305.183,-1.15773,4.0,9.0,2.0,N=c1ccn(C2OC(CO)C3OP(=O)(O)OC32)c(O)n1
164.6,305.183,-1.15773,4.0,9.0,2.0,N=c1ccn(C2OC(CO)C3OP(=O)(O)OC32)c(O)n1
163.2,305.183,-1.15773,4.0,9.0,2.0,N=c1ccn(C2OC(CO)C3OP(=O)(O)OC32)c(O)n1
168.0,305.183,-1.15773,4.0,9.0,2.0,N=c1ccn(C2OC(CO)C3OP(=O)(O)OC32)c(O)n1
167.5,305.183,-1.15773,4.0,9.0,2.0,N=c1ccn(C2OC(CO)C3OP(=O)(O)OC32)c(O)n1
164.5,307.199,-1.1741299999999997,5.0,8.0,4.0,N=c1ccn([C@H]2C[C@H](O)[C@@H](COP(=O)(O)O)O2)c(O)n1
156.6,307.199,-1.1741299999999997,5.0,8.0,4.0,N=c1ccn([C@H]2C[C@H](O)[C@@H](COP(=O)(O)O)O2)c(O)n1
163.7,307.199,-1.1741299999999997,5.0,8.0,4.0,N=c1ccn([C@H]2C[C@H](O)[C@@H](COP(=O)(O)O)O2)c(O)n1
164.9,307.199,-1.1741299999999997,5.0,8.0,4.0,N=c1ccn([C@H]2C[C@H](O)[C@@H](COP(=O)(O)O)O2)c(O)n1
162.8,322.21000000000004,-0.98498,4.0,8.0,4.0,Cc1cn([C@H]2C[C@H](O)[C@@H](COP(=O)(O)O)O2)c(=O)nc1O
167.7,322.21000000000004,-0.98498,4.0,8.0,4.0,Cc1cn([C@H]2C[C@H](O)[C@@H](COP(=O)(O)O)O2)c(=O)nc1O
163.8,322.21000000000004,-0.98498,4.0,8.0,4.0,Cc1cn([C@H]2C[C@H](O)[C@@H](COP(=O)(O)O)O2)c(=O)nc1O
162.1,308.183,-1.2934,4.0,8.0,4.0,O=c1nc(O)ccn1[C@H]1C[C@H](O)[C@@H](COP(=O)(O)O)O1
159.2,308.183,-1.2934,4.0,8.0,4.0,O=c1nc(O)ccn1[C@H]1C[C@H](O)[C@@H](COP(=O)(O)O)O1
164.1,324.182,-2.3226,5.0,9.0,4.0,O=c1nc(O)ccn1[C@@H]1O[C@H](COP(=O)(O)O)[C@@H](O)[C@H]1O
162.3,324.182,-2.3226,5.0,9.0,4.0,O=c1nc(O)ccn1[C@@H]1O[C@H](COP(=O)(O)O)[C@@H](O)[C@H]1O
167.0,324.182,-2.3226,5.0,9.0,4.0,O=c1nc(O)ccn1[C@@H]1O[C@H](COP(=O)(O)O)[C@@H](O)[C@H]1O
163.3,323.19800000000004,-2.20333,6.0,9.0,4.0,N=c1ccn([C@@H]2O[C@H](COP(=O)(O)O)[C@@H](O)[C@H]2O)c(O)n1
165.1,323.19800000000004,-2.20333,6.0,9.0,4.0,N=c1ccn([C@@H]2O[C@H](COP(=O)(O)O)[C@@H](O)[C@H]2O)c(O)n1
167.1,323.19800000000004,-2.20333,6.0,9.0,4.0,N=c1ccn([C@@H]2O[C@H](COP(=O)(O)O)[C@@H](O)[C@H]2O)c(O)n1
168.7,323.19800000000004,-2.20333,6.0,9.0,4.0,N=c1ccn([C@@H]2O[C@H](COP(=O)(O)O)[C@@H](O)[C@H]2O)c(O)n1
133.7,179.22199999999995,3.3880000000000017,0.0,1.0,0.0,c1ccc2nc3ccccc3cc2c1
132.0,179.22199999999995,3.3880000000000017,0.0,1.0,0.0,c1ccc2nc3ccccc3cc2c1
134.6,173.17099999999996,1.933,1.0,2.0,1.0,O=C(O)c1ccnc2ccccc12
133.5,173.17099999999996,1.933,1.0,2.0,1.0,O=C(O)c1ccnc2ccccc12
136.6,189.17,1.2263000000000002,2.0,2.0,1.0,O=C(O)c1cc(=O)c2ccccc2[nH]1
151.2,189.17,1.2263000000000002,2.0,2.0,1.0,O=C(O)c1cc(=O)c2ccccc2[nH]1
135.3,189.17,1.2263000000000002,2.0,2.0,1.0,O=C(O)c1cc(=O)c2ccccc2[nH]1
134.6,205.169,1.3441999999999998,3.0,4.0,1.0,O=C(O)c1cc(O)c2cccc(O)c2n1
140.4,205.169,1.3441999999999998,3.0,4.0,1.0,O=C(O)c1cc(O)c2cccc(O)c2n1
148.0,205.169,1.3441999999999998,3.0,4.0,1.0,O=C(O)c1cc(O)c2cccc(O)c2n1
132.3,173.17099999999996,1.933,1.0,2.0,1.0,O=C(O)c1ccc2ccccc2n1
168.0,314.46900000000005,4.723500000000004,0.0,2.0,1.0,CC(=O)[C@H]1CC[C@H]2[C@@H]3CCC4=CC(=O)CC[C@]4(C)[C@H]3CC[C@]12C
132.9,109.15,-0.8332000000000002,2.0,2.0,2.0,NCCS(=O)O
125.5,109.15,-0.8332000000000002,2.0,2.0,2.0,NCCS(=O)O
139.7,180.227,0.2782999999999998,3.0,2.0,0.0,CC1[NH2+]CCc2cc(O)c(O)cc21
142.9,180.227,0.2782999999999998,3.0,2.0,0.0,CC1[NH2+]CCc2cc(O)c(O)cc21
149.5,214.294,0.3714999999999998,1.0,6.0,1.0,CSc1nnc(C(C)(C)C)c(=O)n1N
149.8,215.68800000000005,0.6208999999999997,2.0,3.0,2.0,CCN=c1nc(Cl)[nH]c(=NC(C)C)[nH]1
160.2,241.36400000000003,1.6575999999999995,2.0,5.0,3.0,CCN=c1nc(NC(C)(C)C)[nH]c(SC)n1
139.3,162.23600000000002,1.8962,1.0,2.0,1.0,c1cncc(C2CCCCN2)c1
124.1,137.138,-1.1254000000000002,0.0,2.0,1.0,C[n+]1cccc(C(=O)[O-])c1
135.9,137.138,-1.1254000000000002,0.0,2.0,1.0,C[n+]1cccc(C(=O)[O-])c1
